price,bedrooms,bathrooms,sqft_living,sqft_lot,floors,waterfront,view,condition,sqft_above,sqft_basement,yr_built,yr_renovated
685000.0,4,2.5,2770,45514,2.0,0,0,4,2770,0,1989,0
857000.0,4,3.0,3720,29043,2.0,0,0,3,3720,0,1991,0
675000.0,4,2.5,2810,11120,2.0,0,0,3,2810,0,1982,0
1485000.0,4,3.75,4030,10800,2.0,0,0,3,4030,0,2006,0
561000.0,3,2.0,2000,7000,2.0,0,0,3,2000,0,1916,1986
506000.0,5,3.0,2430,8000,1.0,0,0,4,1370,1060,1957,2001
439000.0,4,2.25,2570,9503,2.0,0,0,3,2570,0,1980,0
475000.0,3,1.75,1700,8432,1.0,0,0,3,1230,470,1977,2004
516500.0,1,1.25,1100,638,3.0,0,0,3,1100,0,2014,0
337500.0,5,2.0,1700,7314,1.0,0,0,3,1000,700,1956,2001
372500.0,3,1.5,1180,12324,1.0,0,0,3,800,380,1981,2013
968000.0,6,2.75,3610,17580,1.0,0,4,5,2070,1540,1959,0
461000.0,3,1.75,3600,8666,2.0,0,0,4,2400,1200,1948,0
1300000.0,5,4.0,3366,7800,2.5,0,2,3,2966,400,1937,1999
530000.0,3,2.75,3400,7200,2.0,0,2,3,2470,930,2009,0
574950.0,5,3.25,3160,10000,2.0,0,0,4,3160,0,1980,0
765000.0,5,3.0,2870,5700,1.0,0,0,3,1950,920,1964,2000
415000.0,3,2.25,1970,2377,2.0,0,0,3,1680,290,2008,0
559950.0,2,2.0,1870,4950,1.0,0,0,3,1870,0,2006,0
262500.0,3,1.5,1160,8906,1.0,0,0,3,1160,0,1962,2003
277000.0,3,1.0,1100,8536,1.0,0,0,4,1100,0,1957,2001
230000.0,3,1.0,1060,9946,1.0,0,0,4,1060,0,1956,0
485000.0,4,1.75,1430,4096,2.0,0,0,3,1430,0,1900,2005
1800000.0,5,5.0,4490,10279,2.0,0,0,3,3930,560,2013,1923
405125.0,4,2.75,4230,31747,2.0,0,0,4,4230,0,1985,0
265000.0,3,1.75,1840,7300,1.0,0,0,3,1840,0,1966,1963
259585.5714,4,2.5,1960,9898,2.0,0,0,3,1960,0,2001,0
620000.0,3,1.5,1620,6630,1.0,0,0,3,1280,340,1954,2005
385000.0,3,3.25,1630,1677,3.0,0,0,3,1630,0,2007,0
300000.0,2,1.75,1360,8100,1.0,0,0,3,860,500,1975,0
386000.0,3,1.5,1270,1318,2.0,0,0,3,1080,190,2004,2003
760000.0,3,2.5,1980,13964,1.0,0,0,5,1980,0,1959,0
609000.0,3,1.75,1630,1526,3.0,0,0,3,1630,0,2014,0
312500.0,2,1.0,880,6345,1.0,0,0,3,880,0,1919,2001
947500.0,3,2.75,2980,27144,1.5,1,2,5,2180,800,1917,0
390000.0,3,2.25,1250,7500,1.0,0,0,5,1250,0,1942,0
859000.0,4,2.25,3550,13900,1.0,0,0,3,1830,1720,2010,0
650000.0,4,2.0,1820,5000,1.5,0,1,3,1640,180,1945,2010
385000.0,3,2.25,1920,4833,1.0,0,0,4,1060,860,1921,0
325000.0,3,2.5,2070,8337,2.0,0,0,3,2070,0,1997,0
556000.0,3,1.75,1640,7437,1.0,0,0,3,1090,550,1948,1994
409950.0,2,1.75,1370,5125,1.0,0,0,5,1370,0,1944,0
355000.0,1,1.75,750,20339,1.0,0,0,4,550,200,1946,1989
477000.0,4,2.75,1720,6270,2.0,0,0,3,1720,0,1978,0
260000.0,3,1.5,1270,20700,1.0,0,0,2,1150,120,1948,0
215000.0,3,1.0,1160,10384,1.0,0,0,4,1160,0,1969,0
280000.0,3,1.0,1330,20562,1.5,0,0,3,1330,0,1959,1989
540000.0,3,1.75,2050,9580,1.0,0,0,3,1400,650,1984,0
720500.0,4,2.5,3350,35298,2.0,0,0,4,3350,0,1985,0
330000.0,4,2.5,2105,6093,2.0,0,0,3,2105,0,2003,0
295000.0,3,1.5,1640,7222,2.0,0,0,4,1640,0,1908,0
499950.0,3,1.0,980,6380,1.0,0,0,3,760,220,1941,1994
275000.0,3,2.5,1480,15639,2.0,0,0,3,1480,0,1987,2000
735000.0,3,2.5,2820,8159,2.0,0,0,3,2820,0,2004,2003
310000.0,4,2.5,2660,12672,1.0,0,0,4,1740,920,1960,2001
205000.0,3,1.0,1050,8498,1.0,0,0,3,1050,0,1958,2004
489000.0,3,1.5,1020,9072,1.0,0,0,3,920,100,1930,1997
448000.0,2,1.5,1630,3780,1.0,0,0,4,890,740,1940,2001
549000.0,4,1.75,1290,3060,2.0,0,0,4,1290,0,1906,1990
437500.0,3,2.5,2320,36847,2.0,0,2,3,2320,0,1992,0
465000.0,4,2.25,1820,20349,1.0,0,0,5,1340,480,1977,0
410000.0,4,2.5,1700,9000,1.0,0,0,5,1700,0,1972,0
680000.0,3,2.0,1780,5720,1.0,0,0,5,980,800,1925,0
167500.0,1,1.0,690,1950,1.0,0,0,3,690,0,1928,1954
519950.0,3,2.25,1170,1249,3.0,0,0,3,1170,0,2014,0
215000.0,2,2.25,1610,2040,2.0,0,0,4,1610,0,1979,0
300000.0,2,1.0,820,3844,1.0,0,0,4,820,0,1916,0
367300.0,4,2.75,2190,14937,2.0,0,0,3,2190,0,1993,0
214950.0,3,1.75,1570,4875,1.0,0,0,4,1310,260,1977,0
490000.0,2,1.0,1840,3300,1.5,0,0,4,1130,710,1910,0
475000.0,6,3.0,3470,117612,1.5,0,0,3,3470,0,1924,2011
635000.0,3,2.5,1570,1433,3.0,0,0,3,1570,0,2010,0
350000.0,4,2.5,2800,9538,2.0,0,0,3,2800,0,1993,0
545000.0,3,1.75,1810,3000,1.5,0,0,4,1810,0,1903,0
198995.0,3,1.0,1410,8053,1.0,0,0,4,1410,0,1951,1999
963000.0,4,3.5,3280,6603,2.0,0,0,3,3280,0,2007,0
542500.0,3,2.5,2040,10086,2.0,0,0,3,2040,0,1987,2000
602500.0,4,2.5,2760,6850,2.0,0,0,3,2760,0,1999,0
405000.0,2,1.0,860,2599,1.0,0,0,4,860,0,1901,0
205000.0,3,1.75,1170,8239,1.0,0,0,3,1170,0,1981,2013
267000.0,3,2.25,1584,2800,2.0,0,0,3,1584,0,2012,1912
441000.0,3,2.75,1910,7280,1.0,0,0,3,1160,750,1979,2014
295000.0,1,1.0,700,2500,1.0,0,0,4,700,0,1907,0
231000.0,4,2.0,1530,6375,2.0,0,0,3,1530,0,1942,1983
270000.0,4,2.25,1900,8600,1.0,0,0,4,1900,0,1975,0
690000.0,5,3.5,2720,7598,2.0,0,0,3,1860,860,1993,0
738000.0,3,3.0,2630,4896,2.0,0,0,3,2630,0,2006,0
378500.0,2,1.0,730,7528,1.0,0,0,3,730,0,1946,0
925000.0,4,2.75,3730,8014,2.0,0,0,3,3730,0,2012,1912
299950.0,3,1.75,1790,7650,1.0,0,3,3,1790,0,1978,0
458000.0,3,1.0,1660,7500,1.0,0,0,4,1060,600,1940,2001
950000.0,3,3.25,3050,18892,1.0,1,4,4,1650,1400,1962,0
218000.0,3,1.0,960,9633,1.0,0,0,5,960,0,1982,0
750000.0,3,3.5,3390,10078,2.0,0,0,3,3040,350,2012,1912
452500.0,5,3.5,5960,13703,2.0,0,2,3,4770,1190,1984,0
429900.0,3,2.5,2370,5353,2.0,0,0,3,2370,0,2009,0
439950.0,3,2.5,1770,2875,2.0,0,0,3,1770,0,1990,2009
1895000.0,5,2.25,3120,16672,2.0,0,0,4,3120,0,1969,0
1050000.0,4,2.75,2250,3433,1.5,0,0,3,1500,750,1927,2013
525000.0,2,1.0,1080,3500,1.0,0,3,3,1080,0,1924,2011
219950.0,3,1.5,1620,9310,1.0,0,0,4,1620,0,1967,0
969990.0,4,2.5,4150,8436,2.0,0,0,3,4150,0,2014,0
660000.0,3,1.0,1210,9622,1.0,0,1,3,1210,0,1955,2009
589900.0,2,3.0,3160,66646,2.0,0,0,3,3160,0,1993,0
487028.0,2,1.5,1295,1093,2.0,0,0,3,1105,190,2007,0
210000.0,3,1.0,1240,4842,1.0,0,0,4,1240,0,1916,0
327500.0,3,2.25,2310,7200,2.0,0,0,3,2310,0,1990,2009
599950.0,4,3.5,2500,3080,2.0,0,0,3,1810,690,2008,0
588000.0,5,3.0,2190,4900,2.0,0,0,5,1490,700,1940,0
359000.0,3,1.5,1360,885,3.0,0,0,3,1360,0,2008,0
349950.0,4,2.5,2090,5289,2.0,0,0,3,2090,0,1989,0
753888.0,4,2.5,2660,5500,2.0,0,2,3,2660,0,2003,0
589000.0,3,2.0,2250,8800,1.0,0,0,4,1250,1000,1925,1968
620000.0,4,2.5,1910,7683,2.0,0,0,3,1910,0,1987,2000
500000.0,4,2.75,2280,15347,1.0,0,0,5,2280,0,1960,0
269900.0,4,1.75,1530,8750,1.5,0,0,4,1530,0,1968,0
525000.0,3,2.5,1580,1161,2.0,0,0,3,1010,570,2008,0
735000.0,4,2.75,2450,4187,2.0,0,2,3,2450,0,2010,0
205000.0,2,1.0,720,5040,1.0,0,0,3,720,0,1955,2005
250000.0,3,1.75,1770,8868,1.0,0,0,4,1770,0,1959,0
373000.0,3,2.5,1670,3565,2.0,0,0,3,1670,0,1999,0
318989.0,4,2.25,2000,9000,1.0,0,0,4,2000,0,1978,2000
415000.0,4,2.5,2020,5501,2.0,0,0,3,2020,0,2010,0
487000.0,4,2.5,2540,5001,2.0,0,0,3,2540,0,2005,0
255000.0,3,1.0,960,8100,1.0,0,0,3,960,0,1955,2005
2110000.0,4,1.0,2100,9200,1.0,0,0,3,1050,1050,1959,1989
780000.0,2,2.5,2560,2500,2.0,0,0,5,1690,870,1901,0
392500.0,4,2.5,2150,7303,2.0,0,0,3,2150,0,2005,0
945000.0,2,2.5,2540,7089,2.0,0,0,3,2540,0,2004,2003
470000.0,3,1.5,1500,5000,1.5,0,0,4,1140,360,1927,0
840000.0,4,2.5,3420,8405,2.0,0,0,3,3420,0,2000,0
570000.0,3,2.5,2400,6975,2.0,0,0,3,2400,0,1993,0
383000.0,3,1.0,1800,5612,1.0,0,0,4,1200,600,1942,1982
250000.0,3,2.0,1900,6660,1.0,0,0,5,950,950,1966,0
315000.0,3,2.25,1400,31626,1.0,0,0,2,1140,260,1987,0
552000.0,2,2.5,1380,951,3.0,0,0,3,1380,0,2006,0
435000.0,3,2.5,1420,2581,3.0,0,0,3,1420,0,2004,2003
0.0,2,2.25,1490,6770,1.5,0,0,3,1490,0,1926,2003
431000.0,4,2.5,2300,6087,2.0,0,0,3,2300,0,2001,0
440000.0,2,1.0,1230,6600,1.0,0,0,3,1130,100,1906,2014
354000.0,3,1.0,940,10368,1.0,0,0,3,940,0,1965,1993
569950.0,5,4.5,4850,40902,2.0,0,0,3,4850,0,2001,0
675000.0,5,2.25,2900,10300,1.0,0,0,3,1450,1450,1985,0
362000.0,3,2.25,1640,14374,1.0,0,0,4,1140,500,1963,0
913888.0,5,2.25,2370,15512,2.0,0,0,4,2370,0,1981,0
530000.0,4,1.75,2860,48351,1.0,0,0,3,1710,1150,1978,0
655000.0,4,3.5,2350,13402,2.0,0,3,3,1670,680,1994,0
439800.0,3,1.5,1120,6900,1.0,0,0,5,1120,0,1956,0
1870000.0,5,4.0,4510,15175,2.0,0,0,3,4510,0,1969,2002
565000.0,2,1.75,1670,4008,1.0,0,0,3,1670,0,2005,0
285000.0,2,1.0,1010,7200,1.0,0,0,3,1010,0,1975,0
802000.0,3,2.5,2580,13096,2.0,0,0,3,2580,0,1986,0
499000.0,3,2.5,1540,1326,3.0,0,0,3,1390,150,1995,0
250000.0,3,2.25,1765,7652,2.0,0,0,3,1765,0,1996,0
605000.0,4,2.5,2800,10786,1.0,0,0,3,1420,1380,1970,2014
898000.0,5,1.5,2680,28014,1.0,0,0,4,1450,1230,1963,0
900000.0,6,2.75,2300,24773,1.5,0,0,4,2300,0,1950,1985
560000.0,3,2.25,2070,15002,1.5,0,0,3,2070,0,1955,2013
678500.0,3,2.0,2460,6600,1.0,0,2,4,1370,1090,1952,0
545500.0,3,2.5,1560,9361,1.5,0,0,4,1360,200,1936,0
142500.0,4,0.75,1440,13300,1.0,0,0,3,1440,0,1948,1994
645000.0,3,2.5,1740,13750,2.0,0,0,4,1740,0,1975,0
595000.0,3,2.0,1480,5000,1.0,0,0,4,750,730,1928,0
789900.0,3,2.5,3420,25150,1.0,0,0,4,1750,1670,1987,0
461000.0,2,1.0,1060,7193,1.0,0,0,3,1060,0,1926,2003
170000.0,4,1.0,1920,13787,1.0,0,0,4,1220,700,1966,0
1005000.0,4,4.5,4225,284011,2.0,0,0,4,4225,0,1985,0
355000.0,4,2.5,2040,8265,2.0,0,0,3,2040,0,1996,0
445000.0,3,2.25,1990,7340,2.0,0,0,3,1990,0,1984,0
387000.0,3,1.0,1230,9568,1.0,0,0,5,1230,0,1962,0
280000.0,3,2.5,1600,4271,2.0,0,0,3,1600,0,2000,0
782000.0,4,2.5,2380,9614,2.0,0,0,4,2380,0,1991,0
219950.0,3,1.5,1650,9936,1.0,0,0,3,1090,560,1967,2011
300000.0,2,1.0,960,8153,1.0,0,0,3,960,0,1947,2012
405000.0,2,1.0,1020,8155,1.0,0,0,4,1020,0,1948,0
439900.0,2,2.0,1410,12282,1.5,0,0,5,1410,0,1909,1988
203000.0,3,1.0,1150,7156,1.0,0,0,4,1150,0,1953,1983
695000.0,3,2.75,2540,4694,2.0,0,0,3,2540,0,2005,0
465000.0,3,2.25,2670,7500,1.0,0,0,4,1640,1030,1966,0
343566.0,2,1.0,1100,4200,1.0,0,0,3,1100,0,1954,2005
615000.0,3,2.25,1760,1146,3.0,0,0,3,1760,0,2014,0
739000.0,4,2.5,2800,246114,2.0,0,0,3,2800,0,1999,0
444845.0,3,2.5,1600,3573,2.0,0,0,3,1600,0,2013,1923
735000.0,5,2.75,3390,5211,2.0,0,0,3,3390,0,2004,2003
489000.0,3,3.5,1500,1249,2.0,0,0,3,1240,260,2004,2003
805000.0,3,2.0,2710,4500,1.5,0,0,4,1880,830,1929,0
790000.0,5,3.25,2900,12160,1.0,0,0,4,1890,1010,1967,0
850000.0,5,2.75,2920,11880,1.0,0,0,5,1660,1260,1968,0
390000.0,3,3.25,1370,913,2.0,0,0,3,1100,270,2006,0
306000.0,4,2.5,2490,8124,2.0,0,0,3,2490,0,2001,0
200000.0,3,1.5,1140,8340,1.0,0,0,3,1140,0,1960,2012
440000.0,3,1.5,1270,1443,3.0,0,0,3,1270,0,2007,0
0.0,5,2.25,2880,11965,2.0,0,0,4,2880,0,1990,0
305000.0,3,1.0,950,13475,1.0,0,0,3,950,0,1950,2005
483453.0,4,2.75,2790,5527,2.0,0,0,3,2790,0,2014,0
267000.0,3,2.5,2495,4400,2.0,0,0,3,2495,0,2007,0
665000.0,4,2.5,2600,17388,2.0,0,0,3,2600,0,1996,0
382500.0,4,1.75,1560,8700,1.0,0,0,4,1560,0,1967,0
605000.0,3,2.25,2080,12134,1.0,0,0,4,1530,550,1973,0
592105.7143,3,2.5,1640,29970,2.0,0,0,3,1640,0,1992,0
1030000.0,4,2.5,2750,4800,2.0,0,0,3,1960,790,1905,2005
360000.0,2,1.0,1420,81892,1.0,0,0,3,1180,240,1956,2001
700000.0,3,1.75,2010,4905,1.0,0,0,5,1230,780,1912,0
1925000.0,5,4.25,4830,8050,2.5,0,2,4,3710,1120,1914,1945
355000.0,4,2.75,3000,5470,2.0,0,0,3,3000,0,2005,0
667000.0,3,1.75,3320,478288,1.5,0,3,4,2260,1060,1933,1982
415000.0,4,2.5,2000,5962,2.0,0,0,3,2000,0,1999,0
790000.0,4,3.5,3190,31450,2.0,0,0,3,3190,0,2010,0
464000.0,3,1.75,1630,28600,1.0,0,0,3,1630,0,1967,2011
229950.0,3,2.0,1410,7466,1.0,0,0,3,1410,0,1983,2009
417000.0,2,1.0,920,6600,1.0,0,0,3,920,0,1919,2003
0.0,4,1.5,2310,68824,2.0,0,0,4,2310,0,1968,0
455000.0,5,2.5,2240,7770,1.0,0,0,3,1340,900,1978,0
400000.0,3,2.0,1230,11413,1.0,0,0,3,990,240,1984,0
715000.0,2,2.5,2160,5581,1.0,0,0,3,2160,0,2002,0
537500.0,4,2.5,2550,4630,2.0,0,0,3,2550,0,2005,0
378500.0,3,2.5,2860,43821,2.0,0,0,4,2860,0,1990,0
1795000.0,4,3.25,4060,13000,2.0,0,3,3,4060,0,2000,0
1595000.0,5,3.0,3640,8239,2.0,0,3,3,2540,1100,1982,0
399000.0,2,1.0,940,4800,1.0,0,0,4,940,0,1911,1955
560000.0,4,2.25,1950,9800,1.0,0,0,3,1330,620,1968,1997
900000.0,3,2.5,3180,12600,2.0,0,0,4,3180,0,1978,2000
235000.0,2,1.0,1210,9400,1.0,0,0,2,1210,0,1949,0
432000.0,3,2.25,1470,1578,2.0,0,0,3,1090,380,2007,0
525000.0,3,3.0,2470,36445,2.0,0,0,4,2470,0,1980,0
3000000.0,4,4.25,4850,12445,2.0,1,4,5,3850,1000,1989,0
355000.0,2,1.75,1650,4000,1.0,0,0,4,950,700,1947,1988
607000.0,3,1.0,1230,8114,1.0,0,0,4,1230,0,1951,1999
425000.0,3,2.5,2670,13218,1.0,0,0,4,2670,0,1988,0
465950.0,4,2.5,2340,6896,2.0,0,0,3,2340,0,2001,0
288350.0,3,1.5,1860,7963,1.0,0,0,3,1200,660,1963,2008
319950.0,2,1.0,1070,5824,1.0,0,2,5,1070,0,1949,0
210000.0,4,1.5,1920,10403,1.0,0,0,3,1370,550,1959,1989
515000.0,3,1.75,1580,9147,1.0,0,1,4,1210,370,1967,0
245700.0,3,2.25,1640,8400,1.0,0,0,3,1180,460,1968,1997
315368.7,3,2.5,3080,12476,2.0,0,0,3,3080,0,1990,2009
600000.0,3,1.75,1650,5100,1.0,0,0,5,1040,610,1908,0
767450.0,3,2.0,1630,7599,1.0,0,0,3,1630,0,2006,0
372977.0,3,2.5,1690,1618,2.0,0,0,3,1150,540,2014,0
890000.0,4,2.25,2770,13500,2.0,0,0,3,2770,0,1974,0
280000.0,3,2.0,1790,42399,1.0,0,0,4,1790,0,1990,0
627000.0,3,3.5,2710,3475,2.0,0,0,3,1650,1060,2005,0
229629.5,2,1.0,1100,8281,1.0,0,0,4,1100,0,1947,1988
840000.0,4,1.75,2330,4000,2.0,0,0,5,1300,1030,1924,1956
745000.0,3,1.75,1490,9800,1.0,0,0,4,1140,350,1947,1988
345000.0,3,2.5,1210,1420,3.0,0,0,3,1210,0,2008,0
606000.0,3,1.0,1500,3920,1.0,0,0,3,1000,500,1947,2012
280000.0,3,1.75,1230,8250,1.0,0,0,3,1230,0,1966,1963
1010000.0,3,3.25,2420,1923,2.0,0,2,3,1840,580,2006,0
600000.0,3,2.5,2460,108900,1.0,0,0,4,1860,600,1977,0
1149000.0,4,3.0,5940,11533,2.0,0,4,3,4950,990,2004,2003
491500.0,4,1.75,2190,125452,1.0,0,2,3,2190,0,1968,1997
707000.0,4,3.25,3200,7081,2.0,0,0,3,3200,0,2004,2003
479900.0,3,2.0,1980,12150,1.0,0,0,3,1980,0,1994,0
0.0,5,1.5,1500,7112,1.0,0,0,5,760,740,1920,0
276000.0,3,1.0,1140,5000,1.0,0,0,3,1140,0,1960,2012
250000.0,3,2.25,1920,7738,1.0,0,0,3,1520,400,1965,1993
411715.0,3,1.75,1840,5101,1.0,0,0,5,1040,800,1952,1998
310000.0,3,1.0,1480,7830,1.0,0,0,3,1480,0,1952,2008
234000.0,2,1.0,940,5375,1.0,0,0,4,940,0,1952,0
474800.0,2,3.25,1400,1243,3.0,0,0,3,1400,0,2000,0
423050.9259,2,1.0,890,4590,1.0,0,0,3,890,0,1923,1998
656500.0,4,2.0,2710,4750,1.0,0,0,4,1460,1250,1919,1985
500000.0,3,2.5,1940,37565,1.0,0,0,4,1940,0,1987,0
400000.0,4,2.75,1240,3867,1.0,0,0,3,800,440,1987,2000
915000.0,3,4.5,3850,62726,2.0,0,0,3,3120,730,2013,1923
300000.0,3,2.75,2090,9620,1.0,0,0,3,1340,750,1987,2000
308000.0,3,1.0,1640,18144,1.5,0,0,3,1640,0,1942,1999
488800.0,4,2.25,2170,9665,1.0,0,0,4,1300,870,1976,1992
295000.0,4,2.5,2290,4539,2.0,0,0,3,2290,0,2001,0
1000000.0,5,4.25,3920,16258,2.0,0,0,3,2900,1020,1990,2009
1250000.0,3,3.0,3760,8500,2.5,0,3,4,3060,700,1910,0
250000.0,3,1.75,1200,24805,1.0,0,0,3,1200,0,1984,0
193000.0,3,1.5,2200,5000,1.5,0,0,3,2200,0,1932,0
320000.0,3,2.25,1200,1400,3.0,0,0,3,1200,0,2005,0
450000.0,3,1.75,1480,8394,1.0,0,0,4,1480,0,1971,0
368250.0,3,2.5,2150,7484,2.0,0,0,3,2150,0,1988,2000
646212.5,4,2.5,3430,64441,2.0,0,0,3,3430,0,2013,1923
1610000.0,4,3.5,4390,11600,2.0,0,3,3,3060,1330,1990,2009
418500.0,3,2.5,2060,4399,2.0,0,0,3,2060,0,2007,0
565000.0,7,4.5,4140,9066,1.0,0,0,3,2070,2070,1978,0
440000.0,3,1.5,1290,1286,3.0,0,0,3,1290,0,2000,0
687500.0,4,2.75,3190,10970,2.0,0,0,3,3190,0,1994,0
520000.0,3,1.75,1940,219527,1.0,0,0,3,1940,0,1991,0
210000.0,3,2.5,1040,2643,2.0,0,0,3,720,320,2004,2003
558653.8462,3,2.5,1530,3210,1.5,0,0,5,1010,520,1928,1970
537000.0,3,2.5,1550,12920,2.0,0,0,5,1550,0,1999,0
740000.0,3,2.5,3000,25341,2.0,0,0,3,3000,0,1995,0
2351956.0,4,4.25,5010,19412,2.0,0,1,3,4000,1010,2014,0
425000.0,2,1.0,1320,8830,1.0,0,0,3,1020,300,1939,1969
210000.0,2,2.0,1680,5756,2.0,0,0,4,1680,0,1910,0
232333.3333,3,2.25,2430,73151,1.0,0,0,3,2430,0,1974,0
329000.0,4,2.5,1600,6765,1.0,0,0,3,830,770,1947,2011
989000.0,5,3.5,3280,4000,2.0,0,0,3,2440,840,2003,0
163785.7143,2,1.0,760,5500,1.5,0,0,3,760,0,1947,2012
425000.0,4,2.75,1680,9545,1.0,0,0,4,1080,600,1979,0
459900.0,3,1.75,2580,11000,1.0,0,0,4,1290,1290,1951,1999
160000.0,3,1.0,860,11900,1.0,0,0,4,860,0,1963,0
782000.0,4,3.5,5270,53428,2.0,0,0,3,3440,1830,2004,2003
1180000.0,5,3.75,3630,6000,1.5,0,0,3,2470,1160,2004,2003
300000.0,6,5.25,2860,5682,2.0,0,0,3,2860,0,1978,0
685000.0,3,1.75,1940,7313,1.0,0,1,4,1440,500,1960,2001
132250.0,4,2.25,1830,8734,2.0,0,0,4,1830,0,1991,0
321000.0,3,2.25,1347,1292,3.0,0,0,3,1347,0,2010,0
515000.0,4,2.5,2680,7178,2.0,0,0,3,2680,0,2004,2003
1920000.0,4,2.5,3070,34412,1.0,0,3,4,2070,1000,1950,1983
440000.0,3,1.75,1170,8740,1.0,0,0,4,1170,0,1968,0
460000.0,3,2.0,1760,9055,2.0,0,0,4,1760,0,1985,0
503000.0,2,1.75,2860,59612,1.0,1,4,3,1510,1350,1948,2003
352000.0,5,2.5,2420,8560,1.0,0,2,3,1620,800,1978,0
554729.0,4,2.5,2020,4350,2.0,0,0,5,1730,290,1943,0
285000.0,3,1.75,2380,6000,1.5,0,0,3,1320,1060,1935,1974
300000.0,3,2.5,2540,5050,2.0,0,0,3,2540,0,2006,0
500000.0,3,1.75,1620,4200,1.0,0,0,5,830,790,1945,0
435000.0,3,1.75,1310,8065,1.0,0,0,4,1310,0,1948,0
380000.0,4,2.25,2150,20181,1.0,0,0,3,1090,1060,1963,2008
667000.0,3,1.5,1720,8100,2.0,0,0,3,1720,0,1907,1983
460000.0,4,3.0,2230,52983,2.0,0,0,3,2230,0,1991,0
550000.0,4,2.75,2160,5005,1.0,0,0,3,1430,730,1987,2000
219950.0,3,2.25,1500,7615,1.0,0,0,3,1150,350,1984,0
575000.0,3,2.25,1700,3333,1.5,0,0,3,1100,600,1924,2011
399950.0,3,1.75,1560,5223,1.0,0,0,4,810,750,1940,2001
526000.0,3,1.75,1680,3420,1.0,0,0,3,960,720,1992,0
328000.0,4,2.5,2370,6500,2.0,0,0,3,2370,0,1998,2006
659500.0,4,3.0,2620,18362,1.0,0,0,4,1870,750,1956,0
367500.0,3,1.0,1660,11783,1.0,0,0,4,1160,500,1978,2000
500000.0,2,2.25,1290,1334,3.0,0,0,3,1290,0,2007,0
430000.0,4,2.25,1790,7203,1.0,0,0,4,1110,680,1973,0
278900.0,3,1.0,990,9798,1.0,0,0,3,990,0,1968,1997
236000.0,3,1.75,1330,6301,1.0,0,0,3,1330,0,1998,2006
339000.0,4,2.5,1830,8601,2.0,0,0,3,1830,0,2003,0
450000.0,3,1.75,1640,13500,1.0,0,0,3,1110,530,1940,1996
110700.0,2,1.0,680,8064,1.0,0,0,3,680,0,1941,1994
530000.0,3,2.5,1950,9906,2.0,0,0,3,1950,0,1988,2000
314000.0,4,2.5,2340,8990,2.0,0,0,3,2340,0,2003,0
535000.0,4,2.5,2280,65836,2.0,0,0,3,2280,0,2004,2003
235000.0,2,1.0,900,28800,1.0,0,0,1,900,0,1928,0
209950.0,3,1.5,1380,11130,1.0,0,0,3,1380,0,1960,2012
350000.0,4,2.25,2220,6953,2.0,0,0,4,2220,0,1999,0
432000.0,3,2.5,1970,4036,2.0,0,0,4,1970,0,2003,0
483945.0,2,1.75,1480,5120,1.0,0,0,4,840,640,1951,1999
335000.0,4,2.0,1480,3132,1.0,0,0,5,740,740,1910,0
174950.0,3,1.0,1060,5200,1.0,0,0,5,1060,0,1970,0
754950.0,3,2.5,2610,7256,2.0,0,0,3,2610,0,2014,0
400000.0,3,2.0,1760,6875,1.0,0,0,4,1760,0,1967,0
300000.0,3,2.5,2080,9827,2.0,0,0,3,2080,0,1989,0
300000.0,3,2.25,1660,5128,2.0,0,0,3,1660,0,2001,0
518000.0,3,1.5,1430,8000,1.0,0,0,4,1430,0,1956,0
941000.0,4,1.75,2320,3825,1.5,0,0,5,1820,500,1926,0
671000.0,4,3.0,3130,5700,1.5,0,0,3,1750,1380,1953,0
1215000.0,4,3.75,3820,53574,1.0,0,0,3,3820,0,1994,0
482000.0,5,2.25,2230,9600,1.0,0,0,3,1320,910,1978,0
183000.0,3,1.75,1070,8100,1.0,0,0,4,1070,0,1957,2001
400000.0,4,1.5,1390,7200,1.0,0,0,3,1140,250,1965,1993
284000.0,4,1.75,1880,8800,1.0,0,0,3,1130,750,1960,2012
400000.0,2,1.0,840,5510,1.0,0,0,3,840,0,1955,2005
665000.0,2,1.0,1110,3200,1.0,0,0,3,1110,0,1925,2002
274950.0,3,1.75,1670,7415,1.0,0,0,3,1320,350,1987,2000
385000.0,3,3.25,1320,1327,2.0,0,0,3,1040,280,2008,0
831000.0,4,3.0,2170,4000,2.0,0,0,4,1610,560,1982,2011
815000.0,4,2.5,3150,4203,2.0,0,0,3,3150,0,2002,0
660000.0,3,1.75,1320,5750,1.5,0,0,5,1320,0,1918,0
530000.0,3,1.75,1250,6041,1.5,0,0,5,1250,0,1942,0
619000.0,3,2.5,2720,6439,2.0,0,0,3,2720,0,2005,0
1025000.0,4,3.5,3320,19850,1.0,0,2,4,2040,1280,1977,0
548800.0,4,1.0,1660,4704,1.5,0,0,3,1260,400,1930,1997
366000.0,3,1.75,1520,8625,1.0,0,0,3,1520,0,1976,0
285000.0,3,2.5,2437,5136,2.0,0,0,3,2437,0,2011,0
830000.0,5,2.25,2780,10192,2.0,0,0,4,2780,0,1978,2000
235000.0,2,1.0,1140,1730,1.5,0,0,3,1010,130,2007,0
287000.0,3,1.0,1450,6000,1.0,0,0,4,1450,0,1953,1983
1036200.0,4,3.25,2500,5801,1.5,0,0,3,1960,540,1926,2003
250000.0,3,1.75,1590,7560,1.0,0,0,3,1130,460,1984,0
1037000.0,4,3.5,4440,10660,2.0,0,0,3,4440,0,2003,0
350000.0,3,2.25,1640,7200,2.0,0,0,4,1640,0,1985,0
600000.0,3,1.75,1880,6360,1.0,0,0,4,1040,840,1945,0
746000.0,3,2.25,2370,9619,1.0,0,0,4,1650,720,1973,0
554820.0,4,2.0,3510,12905,1.0,0,2,3,2210,1300,1965,1982
395000.0,3,1.0,1500,4000,1.0,0,0,3,900,600,1925,2002
252000.0,3,2.25,1670,7881,1.0,0,0,4,1190,480,1977,0
180000.0,2,1.0,1400,4500,1.0,0,0,3,900,500,1922,2008
640000.0,2,1.75,1760,4400,1.0,0,0,4,880,880,1930,0
229500.0,3,1.0,1230,6000,1.0,0,0,4,1230,0,1967,0
833000.0,4,2.75,3780,10308,2.0,0,0,3,3780,0,1999,0
454000.0,4,2.25,2630,39000,2.0,0,0,3,2630,0,1979,2014
759000.0,4,1.75,2100,4750,1.0,0,0,3,1340,760,1975,0
456000.0,3,1.5,1440,28516,1.0,0,0,4,1440,0,1975,0
468000.0,2,1.0,1160,6000,1.0,0,0,4,860,300,1942,1982
225000.0,2,1.0,1300,11867,1.5,0,0,4,1300,0,1975,0
350000.0,7,3.0,2800,9569,1.0,0,2,3,1400,1400,1963,2008
262000.0,4,2.5,2020,6236,2.0,0,0,3,2020,0,2002,0
852880.0,4,3.25,3450,6184,2.0,0,0,3,3450,0,2014,0
183000.0,3,1.75,1330,9200,1.0,0,0,4,1330,0,1973,0
516000.0,4,3.5,2550,8698,2.0,0,0,3,2550,0,2007,0
515500.0,4,2.5,2920,7700,2.0,0,0,3,2920,0,2003,0
660000.0,6,1.75,1840,2774,1.0,0,0,3,1060,780,1900,2005
250000.0,4,1.5,2500,6300,1.0,0,0,4,1500,1000,1961,2001
199950.0,5,2.5,1740,8750,1.0,0,0,4,1740,0,1959,0
556000.0,5,2.5,3840,16905,2.0,0,0,3,3840,0,1991,0
309000.0,3,2.25,1490,1294,2.0,0,0,3,1220,270,2010,0
590000.0,3,2.0,1410,6413,1.0,0,0,4,910,500,1947,1988
353000.0,1,1.0,550,1279,2.0,0,0,3,550,0,2008,0
83300.0,3,2.0,1490,7770,1.0,0,0,4,1490,0,1990,0
248000.0,4,3.0,2163,5883,2.0,0,0,3,2163,0,2006,0
600000.0,4,2.25,3070,8400,2.0,0,0,4,3070,0,1970,0
335000.0,2,2.0,1350,2560,1.0,0,0,3,1350,0,1976,0
298450.0,5,3.0,2100,9752,1.0,0,0,3,1200,900,2007,0
234950.0,3,1.0,1360,9948,1.0,0,0,3,1360,0,1977,2004
295000.0,3,2.5,1560,4200,2.0,0,0,3,1560,0,2003,0
435000.0,3,2.5,2530,13446,2.0,0,0,3,2530,0,1993,0
380000.0,4,1.5,1680,11123,1.0,0,0,3,1130,550,1959,1989
875000.0,4,2.75,3790,10669,2.0,0,0,3,3790,0,1999,0
412000.0,4,3.5,3360,9767,2.0,0,0,3,2450,910,1990,2009
0.0,3,3.0,1860,7440,1.0,0,0,5,1040,820,1954,0
554000.0,3,1.75,1760,10780,1.0,0,0,3,1760,0,1977,2004
347000.0,3,1.75,1240,8050,1.0,0,0,4,1240,0,1978,2000
249900.0,3,2.0,1310,6738,1.0,0,0,4,1310,0,1990,0
630000.0,4,2.5,2740,43101,2.0,0,0,3,2740,0,1993,0
349500.0,3,2.0,1270,3600,1.0,0,0,3,1270,0,1963,2008
2250000.0,5,4.25,4860,9453,1.5,0,1,5,3100,1760,1905,0
360000.0,4,2.0,1630,10375,1.0,0,0,5,1630,0,1968,0
280000.0,3,1.75,1630,11800,1.0,0,0,4,1630,0,1971,0
1150000.0,3,1.5,2170,16600,1.0,1,2,3,1130,1040,1979,2014
550000.0,3,2.5,2260,4165,2.0,0,0,3,2260,0,2005,0
285000.0,3,2.5,1870,4060,2.0,0,0,3,1870,0,2005,0
902000.0,4,2.5,3030,8507,2.0,0,0,3,3030,0,2003,0
677099.5652,4,2.5,2540,38677,2.0,0,0,3,2540,0,1987,2000
304000.0,3,1.0,900,7500,1.0,0,0,4,900,0,1972,0
950000.0,5,3.75,5330,6000,2.0,0,2,3,3570,1760,2006,0
254600.0,3,2.0,1470,20000,1.0,0,0,4,1470,0,1968,0
339000.0,3,2.5,1450,3748,2.0,0,0,3,1450,0,2004,2003
1680000.0,4,4.25,5584,68257,2.0,0,0,3,5584,0,1998,2006
1275000.0,3,2.5,3870,46609,2.0,0,3,3,3870,0,1997,0
500000.0,3,2.5,1480,1171,3.0,0,0,3,1480,0,2006,0
525000.0,3,2.0,1540,7800,1.0,0,0,3,1540,0,2004,2003
555000.0,3,2.5,3160,4270,2.0,0,0,3,2650,510,2006,0
771000.0,3,2.25,1780,6120,1.5,0,0,4,1390,390,1927,0
149000.0,3,1.0,1700,8645,1.0,0,0,3,1700,0,1955,2005
452000.0,3,1.75,1110,9012,1.0,0,0,4,1110,0,1966,0
375000.0,3,1.75,1440,8775,1.0,0,0,3,1440,0,1973,2013
639500.0,4,2.25,2330,8994,2.0,0,0,3,2330,0,1986,0
1157200.0,4,4.25,5860,52889,2.0,0,0,4,4910,950,1996,0
810000.0,2,2.75,2700,8572,1.0,0,0,3,2700,0,2007,0
450000.0,2,1.0,1200,4000,1.0,0,0,3,1070,130,1940,1996
749950.0,4,2.75,2600,6050,2.0,0,0,5,1960,640,1949,0
530000.0,3,1.0,1340,4284,1.0,0,0,3,1080,260,1910,2006
863000.0,4,2.5,4120,22370,2.0,0,0,3,4120,0,1997,0
999000.0,4,2.75,2800,19168,2.0,0,0,3,2800,0,1992,0
2147500.0,3,3.5,4660,5500,2.0,0,4,5,3040,1620,1909,1988
805000.0,5,2.5,4600,19831,1.0,0,3,3,2300,2300,1956,2013
225000.0,3,2.0,2030,24829,1.0,0,0,4,1220,810,1979,0
600000.0,3,2.5,2320,7609,2.0,0,0,3,2320,0,2003,0
245000.0,3,1.75,1490,6930,1.0,0,0,4,1490,0,1990,0
304000.0,4,2.0,1810,8750,1.0,0,0,2,1110,700,1967,0
580000.0,3,2.25,1940,5980,1.0,0,0,3,1520,420,1987,2000
620000.0,6,3.5,3600,6875,2.0,0,0,3,2740,860,2004,2003
770000.0,4,2.5,3920,12415,2.0,0,0,3,3920,0,1997,0
255000.0,3,2.0,1490,8371,1.5,0,0,3,1490,0,1984,0
336900.0,3,1.75,1780,120661,1.0,0,0,4,1780,0,1979,0
620000.0,4,3.0,2130,6325,1.0,0,0,5,1440,690,1948,1985
175000.0,6,1.5,1930,8400,1.0,0,0,3,1030,900,1971,0
387000.0,2,2.25,1230,1280,2.0,0,0,3,960,270,2012,1912
264000.0,3,1.5,1470,14821,1.0,0,0,4,1470,0,1958,1972
723000.0,4,2.5,2700,4004,2.0,0,0,3,2700,0,2004,2003
157500.0,2,1.0,740,9003,1.0,0,0,3,740,0,1949,1998
481015.0,3,2.25,1550,5511,2.0,0,0,3,1550,0,1987,2000
427000.0,4,1.0,1860,4736,1.5,0,0,1,1860,0,1901,0
985000.0,3,1.75,1670,5400,2.0,0,0,5,1670,0,1912,0
270000.0,3,1.5,1500,6337,1.0,0,0,5,1500,0,1953,0
495000.0,4,2.25,2220,8872,1.0,0,0,4,1110,1110,1961,2001
510000.0,3,1.75,1480,7040,1.0,0,0,3,1480,0,1974,0
500000.0,3,2.5,2840,48716,1.0,0,3,3,1870,970,1994,0
646000.0,4,2.25,2500,8500,1.0,0,0,4,1600,900,1978,2000
275000.0,3,3.0,1390,1080,2.0,0,0,3,1140,250,2006,0
622500.0,5,2.75,3320,23760,2.0,0,0,4,2190,1130,1975,0
308950.0,4,2.5,1920,8562,2.0,0,2,4,1920,0,1994,0
685000.0,2,1.5,1300,1676,1.0,0,2,3,1300,0,1943,2002
583000.0,4,2.5,2660,4000,2.0,0,0,3,2660,0,2001,0
975000.0,5,2.75,3100,10014,1.0,0,2,4,1660,1440,1973,0
415000.0,5,1.5,1900,10226,1.0,0,0,3,1130,770,1961,2004
603500.0,4,2.5,4060,9734,1.0,0,4,3,2150,1910,1977,2004
294000.0,4,2.5,2210,8465,1.0,0,0,3,1490,720,1990,2009
1170000.0,3,2.75,2890,12130,2.0,0,3,4,2830,60,1987,0
970500.0,3,2.75,2470,10125,2.0,0,0,3,2470,0,1960,2012
460000.0,4,2.5,2110,35091,1.0,0,0,4,1290,820,1985,0
148612.5,3,1.0,1040,5000,1.0,0,0,3,1040,0,1959,1989
787000.0,3,1.75,1330,7500,1.0,0,0,3,1330,0,1961,2004
315000.0,3,2.5,1480,1590,2.0,0,0,3,1150,330,2010,0
285000.0,2,1.0,800,6240,1.0,0,0,3,800,0,1954,2005
661254.0,4,4.0,2290,6250,1.5,0,0,5,1690,600,1940,0
586500.0,3,2.5,1780,1487,3.0,0,0,3,1600,180,2006,0
280000.0,2,1.0,960,4920,1.0,0,0,3,960,0,1942,1999
455000.0,2,1.0,1170,6000,1.0,0,0,4,970,200,1941,1998
650000.0,4,2.75,2610,4160,3.0,0,0,5,1910,700,1910,0
355000.0,3,1.75,2040,22693,1.0,0,0,4,2040,0,1980,0
315000.0,2,1.0,1080,2674,1.0,0,0,4,720,360,1919,1985
465000.0,2,2.75,1430,1425,2.0,0,0,3,995,435,2006,0
400000.0,3,1.75,1050,6150,1.5,0,0,4,950,100,1928,0
480000.0,4,3.0,2440,9664,2.0,0,0,3,1890,550,1981,2013
458000.0,5,2.5,3090,23265,1.0,0,0,3,2990,100,1957,2000
590000.0,3,2.5,2650,9380,1.0,0,0,5,1680,970,1975,0
535000.0,2,1.0,1040,5527,1.0,0,0,3,1040,0,1951,1994
641000.0,4,2.5,2770,63118,2.0,0,0,3,2770,0,1997,0
499950.0,4,2.5,2798,4473,2.0,0,0,3,2798,0,2012,1912
610000.0,3,3.0,2480,45302,1.0,0,0,4,1620,860,1976,1992
525000.0,3,2.75,2100,10362,2.0,0,0,3,1510,590,1998,2006
605500.0,3,2.5,2830,6536,2.0,0,0,3,2830,0,1989,0
433000.0,4,2.5,2280,7568,2.0,0,0,4,2280,0,2001,0
695000.0,3,2.5,2550,45254,2.0,0,0,3,2550,0,2001,0
547000.0,4,1.0,1720,2800,1.5,0,0,4,1200,520,1926,1993
306500.0,3,2.25,2060,38377,1.0,0,0,4,1560,500,1978,2000
530000.0,3,2.5,1930,7214,2.0,0,0,3,1930,0,2005,0
203400.0,4,2.0,2090,6630,1.0,0,0,3,1070,1020,1974,0
988500.0,3,2.75,2015,16807,2.0,1,4,3,2015,0,2007,0
238750.0,3,1.0,1830,8209,1.0,0,0,3,1830,0,1942,1999
874150.0,4,3.5,3530,14406,2.0,0,1,3,2570,960,1987,2000
280000.0,7,2.5,1940,5458,2.0,0,0,3,1940,0,1994,0
798000.0,3,3.5,3590,6402,2.0,0,0,3,3590,0,1999,0
737500.0,3,1.75,2320,10900,2.0,0,0,3,2320,0,1935,1974
2200000.0,5,4.75,5990,10450,2.0,1,4,3,4050,1940,2002,0
487250.0,4,2.0,1690,3250,1.5,0,0,3,1550,140,1901,0
500000.0,3,1.75,1540,10800,1.0,0,0,5,770,770,1947,0
549000.0,2,2.5,1380,953,3.0,0,0,3,1380,0,2006,0
289000.0,3,1.0,1090,7315,1.0,0,0,5,1090,0,1981,0
361000.0,3,1.0,1100,4046,1.5,0,4,4,1100,0,1922,0
660000.0,3,2.5,2450,4332,2.0,0,0,3,2450,0,2010,0
317000.0,3,1.0,1160,8813,1.0,0,0,3,1160,0,1952,2008
327500.0,4,1.75,1650,7800,1.0,0,0,3,1650,0,1968,1997
286000.0,2,1.0,780,3475,1.0,0,0,4,780,0,1930,0
315000.0,3,1.5,1750,12500,1.0,0,0,3,1150,600,1954,2005
527000.0,2,1.75,1640,4080,1.0,0,0,3,840,800,1921,2000
702500.0,3,1.5,2360,6750,2.0,0,0,5,1930,430,1926,0
695000.0,3,2.5,4560,17622,2.0,0,0,4,3800,760,1986,0
835000.0,3,2.25,2120,54014,2.0,0,0,4,2120,0,1964,0
658000.0,4,2.75,3310,6166,2.0,0,0,3,3310,0,2008,0
580000.0,5,2.0,1940,6000,1.0,0,0,5,970,970,1945,0
440000.0,2,1.5,1010,1968,1.5,0,0,5,1010,0,1906,0
349950.0,3,2.5,1700,7496,2.0,0,0,3,1700,0,1994,0
262000.0,5,1.0,1870,7800,1.0,0,0,3,1580,290,1962,2003
436500.0,4,2.5,2290,11173,2.0,0,0,4,2290,0,1988,0
600000.0,5,2.25,3000,13899,2.0,0,0,4,3000,0,1975,0
555000.0,3,2.0,2180,4976,1.5,0,2,4,1680,500,1930,0
250250.0,3,2.25,2210,8000,2.0,0,0,4,2210,0,1969,0
316500.0,4,2.5,2150,6807,2.0,0,0,4,2150,0,1991,0
148000.0,1,1.0,620,8261,1.0,0,0,3,620,0,1939,1969
305100.0,3,2.0,1590,35988,1.0,0,0,4,1590,0,1974,0
240500.0,3,1.75,1460,10584,1.0,0,0,3,990,470,1997,0
437000.0,5,2.0,2120,137565,1.5,0,0,3,2120,0,1913,1983
436500.0,5,3.0,3110,12429,1.0,0,0,3,1790,1320,1977,2004
600000.0,3,2.25,2230,9053,2.0,0,0,4,2230,0,1987,0
282766.6667,4,2.0,1700,8640,1.0,0,0,3,850,850,1955,2010
755000.0,5,2.5,3260,24300,1.5,0,1,4,2310,950,1950,1983
295000.0,3,2.5,1920,7229,2.0,0,0,3,1920,0,1993,0
441000.0,2,1.5,1190,3400,1.0,0,0,3,990,200,1919,2001
240000.0,3,2.25,1481,2820,2.0,0,0,3,1481,0,2012,1912
355000.0,3,2.5,2110,4038,2.0,0,0,4,2110,0,1989,0
1050000.0,4,3.25,4400,16625,2.0,0,0,3,4400,0,2003,0
531000.0,2,3.0,1270,1175,2.0,0,0,3,1110,160,2000,0
544500.0,4,2.5,2230,10414,1.0,0,0,5,1450,780,1974,0
500000.0,4,1.0,1440,7100,1.5,0,0,3,1440,0,1906,2014
1020000.0,3,2.25,2950,78843,1.5,0,0,3,2950,0,2006,0
230000.0,2,1.0,930,7550,1.0,0,0,3,930,0,1986,0
0.0,2,1.0,810,8424,1.0,0,0,4,810,0,1959,0
699900.0,4,2.5,2190,11500,1.0,0,0,4,1430,760,1972,0
379900.0,4,1.75,1500,11600,1.0,0,0,4,1000,500,1955,2009
115000.0,1,2.0,1150,9812,1.0,0,0,4,1150,0,1962,0
460000.0,3,1.75,1550,4708,1.0,0,0,4,860,690,1949,1985
937000.0,3,1.75,2450,2691,2.0,0,0,3,1750,700,1915,0
402000.0,3,2.5,2700,9994,1.0,0,3,4,1350,1350,1959,0
285000.0,3,1.0,1090,8640,1.0,0,0,4,1090,0,1973,0
270000.0,2,1.0,2060,8398,1.0,0,0,3,1260,800,1962,2003
285000.0,3,2.5,2090,10834,1.0,0,0,4,1360,730,1987,0
543000.0,3,2.5,2090,7640,1.0,0,0,3,1360,730,1962,2014
1399950.0,4,2.75,3870,10046,2.0,0,0,3,3870,0,2005,0
328500.0,3,2.5,1950,8130,2.0,0,0,4,1950,0,1990,0
272000.0,3,2.5,1650,13816,2.0,0,0,3,1650,0,1998,2006
1738000.0,4,2.25,2920,6513,2.0,0,0,4,2260,660,1937,0
260000.0,4,1.5,2130,8800,1.0,0,0,3,1100,1030,1962,2003
259000.0,3,2.0,1870,5909,1.0,0,0,3,1270,600,1986,0
305000.0,3,1.0,1160,11776,1.0,0,0,3,1160,0,1968,1997
207000.0,3,1.0,1490,8995,1.0,0,0,4,1490,0,1954,1979
365500.0,3,2.0,1410,9600,1.0,0,0,4,1410,0,1983,0
160000.0,3,1.0,1350,8700,1.5,0,0,3,1350,0,1942,1999
332500.0,3,2.25,1800,10500,2.0,0,0,3,1800,0,1995,0
560000.0,3,2.0,2560,216777,1.0,0,0,3,2560,0,1986,0
342400.0,3,2.25,1180,9630,2.0,0,0,3,1180,0,1986,0
202000.0,2,1.0,920,7569,1.0,0,0,4,920,0,1950,1983
426000.0,4,2.5,2800,8494,2.0,0,0,3,2800,0,2004,2003
405000.0,3,2.5,3170,12750,2.0,0,0,3,2360,810,1995,0
652500.0,4,2.5,2700,9122,2.0,0,0,3,2700,0,1990,2009
1400000.0,4,3.25,2980,7000,2.0,0,3,3,2140,840,1900,2014
352500.0,3,1.75,1170,8182,1.0,0,0,3,1170,0,1962,2003
1035000.0,3,2.5,2230,5750,2.0,0,0,3,2230,0,2003,0
372000.0,4,1.75,1960,9300,1.0,0,0,5,1340,620,1979,0
763101.0,3,1.75,1990,5560,1.0,0,0,4,1100,890,1939,1989
450000.0,5,2.5,2850,209523,1.0,0,0,4,1930,920,1925,1968
364000.0,4,1.75,2010,8625,1.0,0,0,4,1340,670,1957,2001
403500.0,5,2.5,3600,17300,1.0,0,0,4,2410,1190,1968,0
7800.0,2,1.0,780,16344,1.0,0,0,1,780,0,1942,0
221000.0,3,1.0,910,8789,1.0,0,0,3,910,0,1966,1963
518000.0,4,2.5,1740,7500,1.0,0,0,4,1220,520,1976,1992
286000.0,3,2.75,1100,750,2.0,0,0,3,780,320,2008,0
484991.6667,4,2.75,2320,4344,2.0,0,0,3,2320,0,2012,1912
269500.0,3,1.75,1840,7412,1.0,0,0,4,1240,600,1976,1992
235000.0,6,3.0,2180,7956,2.0,0,0,3,2180,0,1980,0
346000.0,3,1.75,1270,8100,1.0,0,0,3,880,390,1950,2005
564000.0,2,2.0,1690,4500,1.0,0,0,3,1690,0,2004,2003
752000.0,4,2.5,2940,10382,2.0,0,0,4,2940,0,1991,0
552000.0,3,1.0,1430,5000,1.0,0,0,4,1080,350,1919,1985
749000.0,4,2.75,2700,6000,2.0,0,0,4,2100,600,1910,0
527700.0,5,2.5,2820,9375,1.0,0,0,4,1550,1270,1968,0
485000.0,4,2.5,2470,35073,2.0,0,0,3,2470,0,1989,0
310000.0,3,1.0,1010,9945,1.0,0,0,4,1010,0,1973,0
250000.0,2,1.5,1088,1360,2.0,0,0,3,1088,0,1983,2009
191000.0,3,1.5,800,8850,1.0,0,0,4,800,0,1959,0
345000.0,5,2.5,2450,6994,2.0,0,0,3,2450,0,2002,0
696000.0,4,3.5,3650,38546,2.0,0,0,3,2550,1100,1996,0
465000.0,4,2.5,3060,6000,2.0,0,0,3,3060,0,2012,1912
583000.0,6,2.75,2630,16411,1.0,0,0,4,1650,980,1974,0
405000.0,2,3.0,1410,1240,2.0,0,0,3,1140,270,2006,0
149500.0,3,1.0,1010,9450,1.0,0,0,4,1010,0,1959,0
680000.0,3,2.5,2570,3600,2.5,0,0,3,2570,0,2007,0
1735000.0,4,2.25,3040,5000,2.0,0,3,4,2080,960,1926,1993
1309500.0,4,2.5,2680,12215,1.0,1,4,3,1590,1090,1956,2001
239000.0,3,1.75,1340,16480,1.0,0,0,4,1340,0,1968,0
465000.0,4,2.5,2090,9702,1.0,0,0,5,1320,770,1965,0
850000.0,4,3.5,4140,7089,2.0,0,0,3,3160,980,2003,0
445000.0,4,2.5,2340,3784,2.0,0,0,3,2340,0,2008,0
295000.0,2,1.0,800,6500,1.0,0,0,4,800,0,1953,1983
1080000.0,3,2.75,3890,7216,2.0,0,1,3,3260,630,1967,2010
443500.0,4,2.5,2040,21781,2.0,0,0,3,2040,0,1994,0
1600000.0,3,2.5,3160,12824,1.0,0,2,4,1820,1340,1966,0
920000.0,4,3.0,3750,11025,2.0,0,0,3,3750,0,1976,0
535500.0,3,1.5,1730,40250,2.0,0,0,4,1730,0,1983,0
840000.0,7,4.5,4290,37607,1.5,0,0,5,4290,0,1982,0
442900.0,4,1.75,1780,2788,1.0,0,0,4,890,890,1943,0
417838.0,4,2.5,2530,5048,2.0,0,0,3,2530,0,2014,0
910000.0,4,3.5,4040,50479,2.0,0,0,3,4040,0,1987,2000
455600.0,3,2.5,2420,8252,2.0,0,0,3,2420,0,1998,2006
579000.0,3,2.5,1640,1269,3.0,0,0,3,1640,0,2009,0
452000.0,4,2.0,1660,6150,1.0,0,0,3,850,810,1945,2010
515000.0,3,2.5,2010,7200,2.0,0,0,3,2010,0,1994,0
457500.0,3,1.75,1840,4030,1.0,0,0,5,1050,790,1925,0
315000.0,2,1.0,1740,3622,1.0,0,0,4,950,790,1924,0
1275000.0,4,2.0,2850,7861,1.0,0,4,4,1450,1400,1970,0
339950.0,3,2.25,1630,12295,2.0,0,0,4,1630,0,1985,0
375000.0,2,2.5,750,1430,2.0,0,0,3,750,0,2006,0
459500.0,2,1.0,1250,3825,1.0,0,0,3,850,400,1929,0
588000.0,3,2.25,2030,7350,1.0,0,0,4,1190,840,1977,0
486445.8333,3,1.75,1880,10032,1.0,0,0,4,1880,0,1984,0
875000.0,3,1.5,1820,12686,1.0,0,0,4,1820,0,1952,0
605000.0,3,2.5,2670,47480,2.0,0,3,3,2670,0,1981,2013
319000.0,3,1.0,1390,12823,1.0,0,0,4,1390,0,1968,0
168333.3333,2,1.0,1050,6600,1.5,0,0,3,1050,0,1964,2000
600000.0,3,2.25,1900,46609,1.5,0,0,4,1440,460,1969,0
685000.0,4,3.5,2840,4637,3.0,0,0,3,2840,0,2008,0
463000.0,2,1.0,1150,4400,1.0,0,0,4,1150,0,1905,0
355000.0,3,1.75,1730,7416,1.5,0,0,3,1730,0,1954,2005
237333.3333,3,2.75,2340,16500,1.0,0,0,4,1500,840,1972,0
756000.0,4,2.25,2160,5600,1.0,0,0,5,1080,1080,1947,0
540000.0,3,1.5,2600,5085,1.0,0,0,4,1400,1200,1940,2001
491950.0,3,2.25,2090,10733,1.0,0,0,3,1440,650,1958,2004
420000.0,3,2.5,2140,3821,2.0,0,0,3,2140,0,2005,0
2000000.0,5,4.25,6490,10862,2.0,0,3,4,3940,2550,1991,0
770000.0,3,1.75,1720,5000,1.0,0,0,3,1720,0,1954,2014
450000.0,4,2.5,2300,19250,1.0,0,0,4,2300,0,1955,2009
420642.8571,3,2.0,1330,8100,1.0,0,0,4,1330,0,1969,0
757000.0,3,3.25,3190,5283,2.0,0,0,3,3190,0,2007,0
777000.0,3,3.25,3610,59677,2.0,0,0,3,2440,1170,2003,0
241000.0,2,2.0,1470,3128,2.0,0,0,3,1470,0,2005,0
417000.0,4,2.25,2300,7700,1.0,0,0,3,1380,920,1959,1989
320000.0,4,1.5,1890,43560,1.0,0,0,4,1890,0,1974,0
300000.0,4,1.75,1820,5015,1.0,0,0,4,1190,630,1926,1993
295000.0,3,2.25,1980,8000,1.0,0,0,4,1560,420,1974,0
862000.0,4,2.5,3190,14565,2.0,0,0,3,3190,0,1990,2009
195000.0,2,1.0,1020,8100,1.0,0,0,3,1020,0,1940,1996
324000.0,3,2.5,1750,7208,2.0,0,0,3,1750,0,1994,0
483500.0,4,2.5,2740,45732,2.0,0,0,3,2740,0,1995,0
545000.0,3,2.0,1340,7200,1.5,0,0,4,1340,0,1923,0
415000.0,3,2.5,2280,6031,2.0,0,0,3,2280,0,2011,0
415000.0,3,2.75,2600,64626,1.5,0,0,3,2600,0,2009,0
460000.0,3,2.25,2350,10450,1.0,0,0,3,1390,960,1977,2004
799000.0,4,3.0,2580,209523,2.0,0,0,3,2580,0,1984,0
235000.0,3,1.75,1190,7280,1.0,0,0,4,1190,0,1968,0
577000.0,3,2.5,2060,5750,1.0,0,0,3,1330,730,1976,0
639000.0,4,2.5,2150,12028,2.0,0,0,4,2150,0,1982,2011
425000.0,3,1.0,1520,213444,1.5,0,3,5,1520,0,1988,0
460000.0,2,1.5,1090,4000,1.0,0,0,3,970,120,1951,1994
675000.0,4,3.0,2400,3340,1.0,0,0,4,1200,1200,1964,0
250000.0,3,1.75,1140,10400,1.0,0,0,4,1140,0,1983,0
368112.5,4,2.5,2590,8483,2.0,0,0,3,2590,0,1991,0
400000.0,3,2.5,2180,7508,1.0,0,0,4,1420,760,1962,0
489000.0,4,2.0,2120,11479,1.0,0,0,4,1060,1060,1940,2001
1385000.0,6,2.75,5700,20000,1.0,0,4,4,2850,2850,1977,0
511500.0,4,1.0,1360,6000,1.5,0,0,3,1360,0,1917,2009
266000.0,3,2.5,1780,7214,1.0,0,0,4,1400,380,1986,0
667781.25,5,2.75,3040,10257,2.0,0,0,3,3040,0,1993,0
1150000.0,3,2.5,3830,48743,2.0,0,0,3,3830,0,1991,0
313000.0,3,1.5,1340,7912,1.5,0,0,3,1340,0,1955,2005
312500.0,3,1.75,1830,7969,1.0,0,0,3,930,900,1950,2008
220083.3333,3,1.75,1150,8079,1.0,0,0,4,1150,0,1983,0
249000.0,2,1.5,1090,2686,2.0,0,0,3,1090,0,1982,0
800000.0,4,3.75,2690,4000,2.0,0,3,4,2120,570,1909,1989
660000.0,3,2.25,2675,40910,2.0,0,0,3,2675,0,1984,0
526000.0,2,2.0,1550,2400,1.5,0,0,4,1550,0,1900,1971
199500.0,3,1.0,920,9812,1.0,0,0,4,920,0,1962,0
359950.0,3,2.25,1940,11612,1.0,0,0,4,1100,840,1981,0
375900.0,6,1.5,2550,33740,1.0,0,0,4,1750,800,1958,1972
494000.0,4,2.5,1830,7345,1.0,0,0,4,1540,290,1973,0
420000.0,5,3.0,2630,3149,2.0,0,0,3,1670,960,2013,1923
492650.0,4,1.75,2120,9786,1.0,0,0,3,1640,480,1967,2011
270000.0,3,2.25,2080,4252,1.5,0,0,3,1550,530,2003,0
309780.0,3,2.5,2242,4500,2.0,0,0,3,2242,0,2014,0
438000.0,2,2.0,1270,1372,3.0,0,0,3,1270,0,2000,0
220000.0,3,2.0,1410,7998,1.0,0,0,4,1410,0,1940,2001
1800000.0,5,4.5,4400,15580,2.0,0,0,3,3390,1010,2003,0
900000.0,5,3.75,4130,226076,2.0,0,0,3,3170,960,1985,0
465000.0,3,1.0,910,4500,1.0,0,0,3,910,0,1948,1994
237000.0,3,1.0,1300,8160,1.0,0,0,4,1300,0,1960,2001
618080.0,3,2.5,2030,6500,2.0,0,0,3,2030,0,1988,2000
615000.0,4,2.75,2820,13193,1.0,0,0,3,1860,960,1965,1993
1440000.0,3,3.5,3870,3819,2.0,0,0,3,2760,1110,2002,0
545000.0,4,2.5,2040,6034,2.0,0,0,3,2040,0,1990,2009
875000.0,4,2.5,3220,22588,2.0,0,0,3,3220,0,1996,0
110000.0,2,1.0,800,15000,1.0,0,0,3,800,0,1927,2011
855000.0,4,2.25,2190,4080,2.0,0,0,3,1800,390,1918,0
631500.0,2,1.0,1130,2640,1.0,0,0,4,1130,0,1927,0
279000.0,4,2.0,2200,7700,1.0,0,0,3,1100,1100,1979,2014
657500.0,3,2.5,2670,10496,2.0,0,0,3,2670,0,1989,0
436000.0,2,1.0,790,6600,1.0,0,0,3,790,0,1949,1998
234999.0,3,1.0,1330,8912,1.0,0,0,3,1330,0,1948,1994
1184000.0,4,2.5,3200,7500,1.5,0,1,5,1860,1340,1948,1985
234000.0,3,1.75,1490,8366,1.0,0,0,4,1010,480,1975,0
440000.0,3,2.75,1560,7392,1.0,0,0,5,1030,530,1972,0
978000.0,4,2.75,2620,13777,1.5,0,2,4,1720,900,1926,1993
365000.0,3,2.5,1720,99916,2.0,0,0,4,1720,0,1990,0
405000.0,3,1.0,1330,15678,1.0,0,0,3,900,430,1984,0
837500.0,4,2.5,2700,9320,2.0,0,0,4,2700,0,1994,0
268500.0,2,1.0,790,8424,1.0,0,0,4,790,0,1953,1983
365000.0,3,2.5,1800,2700,2.0,0,0,3,1800,0,2011,0
330000.0,4,2.5,2340,11784,2.0,0,0,3,2340,0,1997,0
680000.0,3,1.75,1760,8400,1.0,0,0,4,1460,300,1960,2001
394500.0,4,2.5,3002,6042,2.0,0,0,3,3002,0,2004,2003
390000.0,4,2.25,1770,33132,1.0,0,0,4,1190,580,1965,0
330000.0,3,2.5,1070,1155,2.0,0,0,3,720,350,2005,0
355000.0,2,1.0,1240,27042,1.0,0,1,3,1000,240,1943,2002
312900.0,4,2.5,1630,4473,2.0,0,0,3,1630,0,2003,0
860000.0,3,2.25,3060,12095,2.0,0,0,3,3060,0,1983,2009
1035000.0,4,3.25,3450,11240,2.0,0,3,4,2430,1020,1960,2001
218000.0,3,1.0,880,18205,1.0,0,0,4,880,0,1945,0
432500.0,3,1.75,1980,5100,1.0,0,0,3,1270,710,1965,1993
253400.0,3,2.0,1400,8640,1.0,0,0,5,1400,0,1968,0
960000.0,5,4.0,3720,15200,2.0,0,0,3,3720,0,2005,0
500000.0,2,1.0,1010,3885,1.5,0,0,4,1010,0,1906,1990
215000.0,3,2.0,1340,8505,1.0,0,0,3,1340,0,1931,0
124740.0,3,1.0,1340,15600,1.0,0,0,4,1340,0,1978,2000
955000.0,5,2.25,2510,9887,2.0,0,0,3,2510,0,1972,2002
443000.0,3,2.25,1920,8223,2.0,0,0,4,1920,0,1989,0
582500.0,2,1.5,1159,4800,1.0,0,0,3,1159,0,1948,1994
677099.5652,4,2.5,2150,27540,2.0,0,0,3,2150,0,1997,0
725000.0,3,1.5,2500,4774,1.5,0,2,3,1450,1050,1940,1996
530000.0,3,3.5,2320,3174,2.0,0,0,3,2060,260,1997,0
711000.0,4,1.75,1980,10800,1.0,0,0,5,990,990,1948,1985
450000.0,6,2.25,3550,11780,1.0,0,0,4,2960,590,1948,0
804100.0,4,2.5,3070,8086,2.0,0,0,3,3070,0,2005,0
395000.0,4,2.75,1970,37026,1.0,0,0,4,1970,0,1961,2001
812650.0,4,2.5,3700,21755,1.0,0,4,3,2620,1080,1988,2000
675000.0,3,1.75,1680,10500,1.0,0,0,4,1680,0,1959,0
690000.0,2,1.0,970,4560,1.0,0,0,4,970,0,1907,0
458663.8889,2,1.0,1470,7137,1.0,0,0,3,1020,450,1941,1994
210000.0,4,1.5,1130,7840,1.0,0,0,4,1130,0,1970,0
572500.0,3,2.25,2030,9791,1.0,0,0,4,1500,530,1984,0
470000.0,3,1.75,2290,14800,1.0,0,0,3,1620,670,1965,1993
677000.0,3,2.0,2000,3207,1.0,0,0,4,1100,900,1916,0
428000.0,2,2.0,1350,3900,1.0,0,0,3,1350,0,2003,0
299000.0,2,1.75,1250,34395,1.0,0,0,4,1250,0,1950,1983
335000.0,4,2.5,2610,4781,2.0,0,0,3,2610,0,2009,0
826000.0,4,2.5,3060,7140,2.0,0,0,3,3060,0,2006,0
387500.0,3,1.0,1560,14333,1.0,0,0,4,1560,0,1953,1983
371025.0,3,2.0,1530,8925,1.0,0,0,3,1530,0,1977,2004
492000.0,3,1.75,2770,39927,1.0,0,0,4,1580,1190,1978,2000
670000.0,3,2.5,3310,5300,2.0,0,2,3,2440,870,2008,0
418000.0,4,3.0,2360,6250,1.0,0,2,3,1460,900,1960,2012
800000.0,4,3.0,3520,4895,1.0,0,0,3,1980,1540,1954,2005
310000.0,3,1.0,1050,9876,1.0,0,0,3,1050,0,1953,0
1050000.0,4,3.75,3280,11000,2.0,0,0,3,2320,960,2008,0
410000.0,3,2.5,1960,4400,2.0,0,0,3,1960,0,2006,0
391500.0,3,2.5,1920,9625,2.0,0,0,3,1920,0,1993,0
750000.0,3,2.0,1820,5000,1.5,0,0,4,1720,100,1941,1998
568000.0,3,2.0,2350,5080,1.5,0,0,3,1780,570,1929,0
535000.0,3,2.5,1690,9626,2.0,0,0,3,1690,0,1984,0
499950.0,3,2.5,1520,2208,2.0,0,0,3,1040,480,2007,0
416000.0,3,1.0,1110,12150,1.0,0,0,4,1110,0,1957,2001
1190000.0,4,3.0,2240,6000,1.5,0,0,4,1270,970,1914,1945
225000.0,3,1.0,1660,7210,1.0,0,0,3,1100,560,1963,2008
2453500.0,4,3.5,4730,13586,1.5,0,0,5,4270,460,1935,0
494000.0,4,1.75,2090,4300,1.5,0,0,4,1250,840,1925,1968
715000.0,3,2.5,2550,13458,2.0,0,0,3,2550,0,1990,2009
430000.0,4,3.0,3220,8936,2.0,0,0,3,2450,770,1990,2009
499000.0,2,1.75,1170,2400,1.0,0,0,4,740,430,1903,0
190000.0,3,1.0,910,10575,1.0,0,0,4,910,0,1968,0
350000.0,2,1.0,910,4500,1.5,0,0,4,910,0,1906,1990
420000.0,5,2.75,2280,10319,1.0,0,0,3,1300,980,1959,1989
499431.0,4,2.75,2620,6019,2.0,0,0,3,2620,0,2013,1923
250000.0,5,1.5,2520,5753,1.5,0,0,4,1510,1010,1928,0
230000.0,3,2.5,1920,9180,2.0,0,0,3,1920,0,1988,2000
245000.0,3,2.0,1190,4072,1.5,0,0,5,1190,0,1907,0
441750.0,2,1.5,1020,1060,3.0,0,0,3,1020,0,2008,0
1270000.0,4,3.0,5520,8313,2.0,0,3,3,3570,1950,2008,0
200000.0,3,1.0,1150,4800,1.5,0,0,4,1150,0,1938,0
375500.0,3,1.5,1530,7200,1.0,0,0,3,1530,0,1975,0
1008000.0,4,3.5,2650,3060,2.0,0,0,3,2060,590,2001,0
840500.0,3,2.0,2520,5400,1.5,0,0,4,1410,1110,1906,1990
326500.0,3,1.0,1060,7920,1.0,0,0,4,1060,0,1968,0
359000.0,5,1.75,1940,6654,1.5,0,0,4,1940,0,1953,1983
449500.0,3,2.0,1770,6610,1.0,0,0,4,960,810,1954,1979
478000.0,3,1.0,1280,2580,1.5,0,0,3,1280,0,1910,2014
1185000.0,3,2.25,2760,40946,2.0,0,0,5,2760,0,1978,0
799000.0,3,1.5,2210,6300,1.5,0,0,5,2210,0,1916,0
427500.0,2,2.0,1090,934,3.0,0,0,3,1090,0,2008,0
285000.0,3,2.0,1460,6377,1.0,0,0,3,1460,0,1995,0
638000.0,3,2.0,1660,3729,1.0,0,0,5,970,690,1922,1956
344500.0,4,2.75,1800,5453,1.0,0,0,3,1050,750,2002,0
384950.0,3,2.5,1860,3690,2.0,0,0,3,1860,0,2000,0
254000.0,3,1.5,1770,17208,1.0,0,0,3,1160,610,1959,1989
659500.0,3,1.75,1820,5500,1.0,0,0,4,1620,200,1957,2001
172500.0,3,1.0,1140,8800,1.0,0,0,3,1140,0,1972,2002
299950.0,3,2.5,1870,7942,2.0,0,0,3,1870,0,1990,2009
302000.0,5,2.25,2180,7813,2.0,0,0,3,2180,0,1986,0
482000.0,4,2.5,2710,35868,2.0,0,0,3,2710,0,1989,0
659000.0,4,2.5,3190,11375,1.0,0,0,5,2210,980,1946,0
519995.0,4,3.0,2590,6160,2.0,0,0,3,2590,0,2014,0
174000.0,2,1.0,900,13531,1.0,0,0,3,900,0,1979,2014
559000.0,2,1.0,1240,6400,1.0,0,1,4,1060,180,1938,0
294999.0,4,2.5,1660,9760,2.0,0,0,3,1660,0,1994,0
510000.0,3,2.5,1420,1237,3.0,0,0,3,1420,0,2014,0
225000.0,3,2.5,1680,6755,2.0,0,0,3,1680,0,1994,0
355500.0,3,2.5,2600,5540,2.0,0,0,3,2600,0,2004,2003
930000.0,3,3.25,2640,4080,2.0,0,0,3,1840,800,1912,2000
585000.0,5,2.5,2670,16777,1.5,0,0,4,1620,1050,1920,0
345000.0,3,1.75,1540,6909,1.0,0,0,4,920,620,1955,2009
305495.0,3,1.75,2110,10200,2.0,0,0,4,2110,0,1966,0
497000.0,4,2.5,2240,7200,2.0,0,0,3,2240,0,1995,0
476000.0,4,3.0,2890,6885,1.0,0,0,3,1590,1300,1945,2013
330000.0,3,1.0,1180,43124,1.0,0,0,4,1180,0,1959,0
440000.0,4,2.5,2160,7826,1.0,0,0,4,1390,770,1976,1992
337000.0,4,2.5,2230,5970,2.0,0,0,4,2230,0,2002,0
400000.0,4,2.25,2230,7200,1.0,0,0,4,1300,930,1963,0
1195000.0,5,2.75,3650,13297,2.0,0,0,5,2750,900,1969,0
553000.0,2,1.0,900,5000,1.0,0,0,3,900,0,1944,0
395000.0,5,1.75,1840,10453,1.0,0,2,3,1360,480,1948,1994
747500.0,4,2.25,2350,18600,2.0,0,0,4,2350,0,1977,0
329950.0,4,2.5,2120,4558,2.0,0,0,3,2120,0,2002,0
900000.0,4,2.25,2460,44431,1.0,0,0,4,2460,0,1957,2001
543000.0,2,2.0,2370,217800,1.5,0,0,3,1600,770,1992,0
330000.0,3,1.75,1430,8865,1.0,0,0,3,1430,0,1950,2005
407193.0,4,2.0,1880,14653,2.0,0,0,3,1880,0,1978,0
819995.0,5,2.75,3030,10335,2.0,0,0,3,3030,0,2013,1923
900000.0,4,3.5,3370,5000,2.0,0,2,3,2470,900,2008,0
306000.0,3,1.5,1220,1086,3.0,0,0,3,1220,0,2007,0
223000.0,3,1.0,1030,9120,1.0,0,0,3,1030,0,1961,2004
1025000.0,5,4.0,3760,28040,2.0,0,0,3,3760,0,1983,2009
695500.0,5,2.75,2510,9180,1.0,0,1,4,1600,910,1975,0
660000.0,3,3.0,2340,2970,2.0,0,0,5,2160,180,1925,0
243800.0,3,1.0,1140,27760,1.0,0,0,4,1140,0,1981,0
692500.0,4,2.75,3710,7984,2.0,0,0,3,3710,0,1999,0
765000.0,4,4.0,3010,7221,2.0,0,0,3,3010,0,2004,2003
285000.0,1,1.5,810,3211,2.0,0,0,4,810,0,1982,2011
429000.0,3,2.5,2420,49928,2.0,0,0,3,1860,560,1985,0
500000.0,3,1.75,1410,1197,3.0,0,0,3,1410,0,2012,1912
265000.0,4,1.75,1900,10588,1.0,0,0,5,1900,0,1958,0
435000.0,4,2.0,1880,3840,1.0,0,0,3,970,910,1904,0
940000.0,4,2.25,1890,5940,1.0,0,1,3,1470,420,1963,2008
525000.0,4,2.75,2910,6308,1.0,0,0,3,1640,1270,1985,0
499950.0,4,2.5,2860,3345,2.0,0,0,3,2190,670,2004,2003
576000.0,3,2.5,1940,9000,1.0,0,0,4,970,970,1948,0
514000.0,3,1.75,1720,5899,1.0,0,1,3,1220,500,1986,0
507500.0,3,1.75,1990,9594,1.0,0,0,3,1190,800,1977,2004
385200.0,4,1.0,1550,7740,1.5,0,0,3,1550,0,1954,2005
287600.0,3,2.5,1950,8251,2.0,0,0,3,1950,0,1990,2009
1730000.0,5,3.5,5000,26540,2.0,0,3,3,3410,1590,2008,0
700000.0,3,2.5,2030,8398,2.0,0,0,4,2030,0,1975,0
638000.0,3,2.5,2110,3600,2.0,0,0,3,2110,0,2005,0
780000.0,4,1.75,2480,9195,1.0,0,0,3,1390,1090,1950,2005
600000.0,3,2.5,2260,10153,2.0,0,0,3,2260,0,1987,2000
650000.0,3,1.75,2920,9370,1.0,0,0,4,1620,1300,1981,0
955000.0,3,2.25,3020,43560,2.0,0,0,3,2720,300,1969,2010
669000.0,4,2.75,2700,35362,2.0,0,0,5,2700,0,1976,0
255000.0,2,1.5,920,1598,2.0,0,0,3,920,0,1995,0
812000.0,4,3.5,3370,3634,2.0,0,0,3,2750,620,2007,0
510000.0,3,2.25,1420,1309,3.0,0,0,3,1420,0,2006,0
1355000.0,4,3.5,3550,11000,1.0,0,2,3,2260,1290,1999,0
975000.0,5,4.0,4850,36450,2.0,0,0,3,4850,0,1977,2004
479000.0,3,2.25,2110,11319,2.0,0,0,4,2110,0,1978,2000
556000.0,3,3.0,1960,1168,2.0,0,0,3,1600,360,2007,0
336500.0,3,1.0,1480,7284,1.0,0,0,3,970,510,1963,2008
246500.0,3,1.5,1270,11600,1.0,0,0,4,1270,0,1964,0
899900.0,4,2.5,2580,3909,2.0,0,0,3,2580,0,2013,1923
557125.0,4,2.75,3370,12447,2.0,0,0,3,3370,0,1991,0
480000.0,4,2.5,2430,5000,2.0,0,0,3,2430,0,2009,0
2400000.0,4,3.25,4140,20734,1.0,0,1,3,3300,840,1977,2005
362500.0,4,1.75,1450,8450,1.0,0,0,3,1450,0,1960,2012
257500.0,4,1.75,2420,7672,1.0,0,0,3,1480,940,1979,2014
700000.0,4,3.5,4490,5099,2.0,0,0,3,3390,1100,2006,0
1300000.0,4,3.5,4380,74052,1.0,0,0,3,4380,0,2001,0
230000.0,3,1.0,1390,6000,1.0,0,0,3,1390,0,1954,2005
505000.0,4,2.5,2780,6369,1.0,0,0,3,1590,1190,1978,0
284000.0,4,2.5,2000,5390,2.0,0,0,3,2000,0,2003,0
560000.0,3,1.5,2000,7350,1.0,0,0,3,2000,0,1953,0
580000.0,4,2.5,2840,6268,2.0,0,0,3,2840,0,1998,2006
412000.0,2,1.0,1260,3960,1.0,0,0,3,690,570,1925,2002
303210.0,4,2.5,2009,5000,2.0,0,0,3,2009,0,2014,0
435000.0,4,2.5,2150,3143,2.0,0,0,3,2150,0,2010,0
562000.0,5,3.0,2795,15101,2.0,0,0,3,2795,0,1996,0
685000.0,3,2.5,2810,7700,2.0,0,0,3,2810,0,2001,0
575000.0,3,1.75,1580,11750,1.0,0,0,4,1180,400,1951,1999
390000.0,3,2.0,1463,868,3.0,0,0,3,1463,0,2003,0
645000.0,3,2.75,1850,16960,1.0,0,2,4,1850,0,1953,1983
915000.0,3,3.25,2660,4000,2.0,0,0,3,2170,490,2003,0
314950.0,3,1.0,1040,16986,1.0,0,0,4,1040,0,1968,0
600000.0,4,2.5,2560,5593,2.0,0,0,3,2560,0,2001,0
307550.0,4,2.5,1980,5909,2.0,0,0,3,1980,0,2003,0
475000.0,3,2.5,1700,9100,1.0,0,0,3,1160,540,1998,2006
545000.0,2,1.25,1240,2150,2.0,0,0,3,1240,0,2014,0
464000.0,4,2.5,2180,7203,2.0,0,0,4,2180,0,1989,0
350000.0,2,2.5,1260,1347,3.0,0,0,3,1260,0,2005,0
2300000.0,4,4.75,3970,9778,2.0,0,2,4,3390,580,1928,0
237227.8571,4,2.5,2200,9397,2.0,0,0,3,2200,0,1987,2000
345000.0,4,2.5,2280,5000,2.0,0,0,3,2280,0,2006,0
270000.0,3,1.5,1890,9450,1.0,0,0,3,1090,800,1957,2000
369990.0,4,2.5,1960,7133,2.0,0,0,3,1960,0,2002,0
302000.0,4,1.75,1530,17664,1.5,0,0,3,1530,0,1968,1997
499000.0,2,1.5,1110,957,2.0,0,0,3,930,180,2005,0
665000.0,5,2.0,2800,17788,1.0,0,0,4,1400,1400,1963,0
297950.0,3,2.0,1240,10800,1.0,0,0,3,1240,0,1967,2010
695000.0,3,2.5,2620,51354,2.0,0,0,3,2620,0,1998,2006
560000.0,3,2.5,1960,6058,2.0,0,0,3,1960,0,2002,0
732000.0,3,3.75,2670,6517,2.5,0,4,4,2020,650,1977,0
616000.0,4,2.5,2490,12929,2.0,0,0,3,2490,0,1983,2009
0.0,5,3.25,3690,12353,2.0,0,0,5,3690,0,1977,0
535000.0,3,1.0,1580,6300,1.0,0,0,3,1180,400,1925,2002
220000.0,4,2.5,2160,8005,2.0,0,0,3,2160,0,1993,0
849900.0,2,2.0,2280,641203,2.0,0,0,3,2280,0,1990,2009
401000.0,3,2.0,1240,11172,1.0,0,0,3,1000,240,1984,0
580000.0,3,1.75,1850,5100,1.0,0,0,3,1020,830,1909,2004
209950.0,3,1.0,970,9583,1.0,0,0,4,970,0,1967,0
340000.0,2,1.5,1160,1438,2.0,0,0,3,1160,0,2001,0
740000.0,4,2.5,3360,15091,2.0,0,0,3,3360,0,1997,0
360000.0,4,2.0,1730,5500,1.0,0,0,5,1010,720,1943,0
349000.0,3,2.5,1430,1002,3.0,0,0,3,1430,0,2002,0
1619999.0,4,3.0,3900,9750,1.0,0,4,5,2520,1380,1972,0
685000.0,4,2.5,3030,7864,2.0,0,0,3,3030,0,1999,0
419000.0,4,2.5,2690,7947,2.0,0,0,3,2690,0,1993,0
435500.0,3,3.5,1240,1666,2.0,0,0,3,1000,240,2008,0
535000.0,4,2.25,2980,8051,1.5,0,2,4,2020,960,1935,0
1075000.0,4,3.0,3600,9200,1.0,0,4,4,2100,1500,1976,1992
662990.0,3,1.75,1240,3600,1.5,0,0,5,1240,0,1926,0
312000.0,3,2.25,1540,5338,1.0,0,0,5,770,770,1954,0
340000.0,3,2.25,2120,13090,1.0,0,0,3,2120,0,1997,0
550000.0,4,1.0,1660,34848,1.0,0,0,1,930,730,1933,0
519000.0,5,2.25,2570,13054,1.0,0,1,3,1470,1100,1950,1992
1635000.0,5,3.5,4220,26784,1.0,0,0,3,2110,2110,1958,2006
950000.0,3,2.5,3480,7800,1.0,0,0,4,1750,1730,1941,1998
339000.0,2,1.0,950,7954,1.0,0,0,4,950,0,1941,1998
515000.0,3,2.5,1790,7167,2.0,0,0,3,1790,0,1989,0
450000.0,4,2.0,2240,7725,1.0,0,0,5,1120,1120,1956,0
165050.0,3,1.0,1200,8514,1.0,0,0,3,1200,0,1959,1989
256500.0,2,1.0,1120,9912,1.0,0,0,4,1120,0,1980,0
560000.0,2,1.0,1010,9219,1.0,0,0,4,1010,0,1960,2001
1100000.0,5,2.75,2660,8737,1.0,0,4,5,1470,1190,1969,0
463000.0,4,2.5,1980,6660,2.0,0,0,4,1980,0,1974,0
250000.0,3,2.5,1510,10384,1.0,0,0,2,1030,480,1976,0
305000.0,3,1.0,1580,7424,1.0,0,0,3,1010,570,1962,2003
595000.0,2,1.5,1030,4500,1.0,0,0,3,830,200,1924,2011
453500.0,4,1.75,2000,6032,1.0,0,2,3,1300,700,1959,1989
377500.0,3,2.25,1410,1377,2.0,0,0,3,1290,120,2005,0
335000.0,3,1.5,2040,6000,1.0,0,0,3,1340,700,1957,2000
2555000.0,4,2.5,5300,26211,2.0,1,2,2,4570,730,1923,0
342000.0,4,2.5,2300,6448,2.0,0,0,3,2300,0,2001,0
550000.0,4,2.5,2170,9600,1.0,0,0,3,1460,710,1980,0
642000.0,4,2.5,2560,8780,2.0,0,0,3,2560,0,1992,0
1042031.0,4,5.0,4110,43560,2.0,0,0,4,4110,0,1978,2000
695000.0,3,2.0,2500,4080,1.5,0,0,5,1680,820,1922,1956
565000.0,5,2.5,2650,11455,1.0,0,0,3,1400,1250,1961,2004
280000.0,3,2.5,1720,1916,2.0,0,0,3,1720,0,2005,0
800000.0,3,1.0,1700,4400,1.5,0,0,4,1700,0,1906,1990
1200000.0,4,3.5,4170,9748,2.0,0,0,3,4170,0,2004,2003
261000.0,3,1.5,1810,29308,1.0,0,0,3,950,860,1983,2009
312000.0,4,2.0,1300,7054,1.0,0,0,3,1300,0,1950,2013
331366.6667,3,2.5,1270,2509,2.0,0,0,3,1270,0,2004,2003
545000.0,3,2.5,1940,9775,1.0,0,2,3,1440,500,1975,0
325000.0,2,1.0,810,4080,1.0,0,0,4,810,0,1941,1998
382000.0,3,3.25,1410,1253,3.0,0,0,3,1410,0,2005,0
435000.0,4,2.25,2140,6355,2.0,0,0,3,2140,0,2002,0
563000.0,4,1.0,1410,3376,1.5,0,0,5,1410,0,1911,1984
815000.0,4,2.25,2000,3800,2.0,0,0,3,2000,0,2001,0
518000.0,3,2.5,1680,2096,2.0,0,0,3,1380,300,2008,0
332888.0,2,2.5,1050,1029,2.0,0,0,3,950,100,2007,0
651000.0,4,2.5,2740,7140,2.0,0,0,3,2740,0,1993,0
661000.0,4,2.5,2496,8058,2.0,0,0,3,2496,0,1998,2006
570000.0,6,3.75,4000,6015,2.0,0,2,3,3080,920,2004,2003
408000.0,5,3.25,2820,6589,1.5,0,0,3,2320,500,1906,2014
402000.0,2,1.0,710,1173,2.0,0,0,4,710,0,1943,0
305000.0,2,2.25,1000,905,3.0,0,0,3,1000,0,2006,0
1150000.0,5,2.5,3580,8921,2.0,0,0,3,3580,0,2000,0
850000.0,4,3.5,3920,37122,2.0,0,0,3,3920,0,1996,0
650000.0,4,2.5,3350,46748,2.0,0,0,3,3350,0,2004,2003
440000.0,3,1.75,2240,8153,1.0,0,0,3,1120,1120,1948,1994
288500.0,5,2.5,3390,9760,1.0,0,0,5,1750,1640,1978,0
665900.0,4,2.25,2870,5453,2.0,0,1,4,2220,650,1926,1993
175000.0,2,1.0,670,2378,1.0,0,0,3,670,0,1919,2001
1680000.0,5,3.25,4860,23723,2.0,0,2,4,3820,1040,1989,0
160000.0,2,1.0,1180,9350,1.0,0,0,3,1180,0,1918,0
2321000.0,5,4.75,5780,17004,2.0,0,0,3,4260,1520,2006,0
257200.0,3,2.0,1850,8250,1.0,0,0,4,1150,700,1952,0
818000.0,2,2.5,2380,9374,1.0,0,2,3,2380,0,2011,0
552000.0,3,1.0,1120,2300,1.0,0,0,4,820,300,1912,1989
1600000.0,3,4.25,2820,7200,2.0,0,0,4,2460,360,1930,0
375000.0,4,1.75,1890,8000,1.0,0,0,4,1250,640,1960,2001
530000.0,4,2.75,2450,15002,1.0,0,0,5,2450,0,1974,0
189000.0,3,1.0,1010,7560,1.0,0,0,3,1010,0,1958,2004
525000.0,3,2.25,1750,1879,3.0,0,0,3,1750,0,2001,0
370000.0,2,1.0,860,6050,1.0,0,0,3,860,0,1952,2008
218000.0,2,2.0,1310,2841,2.0,0,0,3,1310,0,2004,2003
405000.0,3,1.5,1880,7400,1.0,0,0,3,1480,400,1968,1997
576000.0,4,2.5,2440,28405,2.0,0,0,3,2440,0,2002,0
540000.0,3,1.75,1300,62290,1.0,0,0,3,1300,0,1983,2009
795000.0,4,3.5,3200,3250,2.0,0,0,3,2670,530,2007,0
445700.0,3,2.5,1270,1180,3.0,0,0,3,1270,0,2001,0
235867.0,4,2.0,1330,5926,1.0,0,0,4,1330,0,1942,1982
415000.0,4,2.5,2170,8518,1.0,0,3,3,1350,820,1955,2005
650000.0,4,2.5,3040,6587,2.0,0,0,3,3040,0,2003,0
429000.0,3,2.5,1920,15124,2.0,0,0,3,1920,0,1995,0
264000.0,3,1.75,1760,7482,1.0,0,0,4,1760,0,1966,0
625000.0,3,3.5,1810,1846,2.0,0,0,4,1440,370,2009,0
560000.0,3,2.5,1960,12476,2.0,0,0,4,1960,0,1989,0
674600.0,4,2.5,2610,5140,2.0,0,0,3,2610,0,2006,0
240000.0,3,2.0,1400,6200,1.0,0,0,3,700,700,1948,1994
2888000.0,5,6.25,8670,64033,2.0,0,4,3,6120,2550,1965,2003
350000.0,5,1.75,2330,14322,1.0,0,0,4,1180,1150,1968,0
760500.0,3,2.0,1990,3990,1.0,0,0,5,1130,860,1912,0
550000.0,3,2.5,1900,3255,2.0,0,0,3,1900,0,1988,2000
212700.0,2,1.0,940,5040,1.0,0,0,3,940,0,1926,2003
533112.0,4,2.75,2790,8853,2.0,0,0,3,2790,0,2013,1923
519000.0,2,1.0,830,2820,1.0,0,0,4,830,0,1920,0
540833.3333,3,2.0,1640,9972,1.0,0,0,4,1640,0,1977,0
240000.0,3,2.0,1330,6000,1.0,0,0,4,630,700,1900,1971
2110000.0,3,2.25,3230,17833,2.0,0,0,4,3230,0,1973,0
178650.0,3,1.5,1430,8960,1.0,0,0,4,1430,0,1953,1983
1070000.0,4,2.5,3270,35445,2.0,0,0,3,3270,0,1989,0
1195000.0,5,3.0,3420,18129,2.0,0,0,3,2540,880,1952,2005
930000.0,3,2.5,3290,6830,2.0,0,0,3,3290,0,2000,0
1150000.0,4,2.5,3340,10422,2.0,0,0,3,3340,0,1996,0
268971.875,4,2.5,1954,4805,2.0,0,0,3,1954,0,2005,0
330000.0,3,1.5,1170,4950,1.0,0,0,4,1170,0,1960,2001
0.0,4,2.25,2890,18226,3.0,1,4,3,2890,0,1984,0
635000.0,4,1.75,1950,13320,1.0,0,0,4,1370,580,1969,0
550000.0,4,1.75,2150,9000,1.0,0,0,4,1110,1040,1966,0
400000.0,3,2.0,2260,11305,1.0,0,0,3,1130,1130,1986,0
329445.0,2,1.5,830,1119,2.0,0,0,3,830,0,2005,0
710000.0,3,3.5,2440,3427,2.0,0,0,3,1990,450,2000,0
314500.0,3,1.75,1700,17355,1.0,0,0,3,1200,500,1978,0
475300.0,3,1.0,2110,10005,1.0,0,0,5,1110,1000,1924,1956
729032.0,4,2.5,2840,12866,1.0,0,0,4,1780,1060,1977,0
240000.0,4,1.0,1910,16320,1.5,0,0,3,1910,0,1934,1978
895000.0,5,3.0,2876,13927,1.0,0,2,4,1970,906,1973,0
235000.0,2,1.0,720,4840,1.0,0,0,4,720,0,1947,1988
341750.0,3,2.25,2180,7741,2.0,0,0,3,2180,0,1986,0
90000.0,2,1.0,580,7500,1.0,0,0,3,580,0,1943,2002
565000.0,4,2.75,3130,139392,2.0,0,0,4,3130,0,1981,0
403500.0,3,1.0,1830,8004,1.0,0,0,3,1200,630,1960,2012
0.0,2,2.5,2200,188200,1.0,0,3,3,2200,0,2007,0
265000.0,3,2.5,1530,6000,2.0,0,0,4,1530,0,1991,0
725000.0,3,2.5,3580,54450,1.5,0,0,3,3580,0,1990,2009
650000.0,3,1.5,1380,4500,1.0,0,0,5,1380,0,1960,0
310000.0,3,1.5,1460,9908,1.0,0,0,3,1460,0,1952,2008
720000.0,4,2.5,2650,11520,2.0,0,0,3,2110,540,1988,2000
326100.0,2,1.0,880,7683,1.0,0,0,3,880,0,1942,1999
0.0,5,2.75,3240,6863,2.0,0,0,3,3240,0,2013,1923
245000.0,2,1.0,1500,6685,1.0,0,0,3,1190,310,1926,2003
1068000.0,5,3.5,3990,9938,2.0,0,0,3,3990,0,2001,0
632500.0,4,2.5,2090,10306,2.0,0,0,3,2090,0,1986,0
545000.0,4,2.5,2720,4738,2.0,0,0,3,2720,0,2012,1912
585000.0,4,2.75,2890,6825,1.0,0,0,3,1560,1330,1973,2013
925000.0,5,5.5,5190,12637,2.0,0,2,3,5190,0,2001,0
292000.0,4,2.75,2414,7693,2.0,0,0,3,2414,0,2006,0
1795000.0,5,3.25,5270,17232,2.0,0,1,3,4010,1260,1977,2003
1095000.0,4,2.75,3330,9143,2.0,0,0,4,3330,0,1995,0
850000.0,5,3.5,3450,28324,1.0,0,0,5,2350,1100,1972,0
329000.0,3,1.0,1600,5952,1.0,0,0,4,1150,450,1964,0
245000.0,4,2.25,2600,6390,1.0,0,0,3,1390,1210,1978,0
0.0,2,2.25,2130,4920,1.5,0,4,4,1530,600,1941,1998
291500.0,3,1.0,880,9238,1.5,0,0,5,880,0,1946,0
525000.0,4,2.75,2360,4924,2.0,0,0,3,2360,0,2008,0
327000.0,3,1.5,1320,13200,1.0,0,0,3,1320,0,1970,2014
366500.0,4,2.75,2070,9300,1.0,0,0,5,1120,950,1945,0
462000.0,5,1.75,1250,10530,1.0,0,0,4,1250,0,1966,0
275000.0,1,0.75,1170,14149,1.0,0,0,5,880,290,1962,0
749950.0,3,2.5,2770,10773,2.0,0,2,3,2770,0,1992,0
1570000.0,4,3.75,3070,5850,2.0,0,0,5,2400,670,1927,0
490600.0,3,2.5,3316,11447,2.0,0,0,3,3316,0,1986,0
535000.0,2,1.0,1030,4841,1.0,0,0,3,920,110,1939,1969
2700000.0,5,4.75,5305,8401,2.0,0,2,3,3745,1560,2005,0
188000.0,4,2.75,3260,19542,1.0,0,0,4,2170,1090,1968,0
785000.0,3,3.5,4500,21870,2.0,0,0,3,4500,0,2004,2003
655500.0,4,3.5,3380,8330,2.0,0,0,3,3380,0,2000,0
350000.0,3,2.25,1780,16290,2.0,0,0,4,1780,0,1987,0
760000.0,4,2.5,3300,165528,2.0,0,0,3,3300,0,1984,0
327500.0,3,1.0,1070,7140,1.0,0,0,3,1070,0,1989,0
440000.0,3,1.0,1710,6556,1.5,0,0,4,1200,510,1926,1993
295000.0,2,2.5,1630,1368,2.0,0,0,3,1280,350,2009,0
300000.0,5,2.5,2760,6000,2.0,0,0,3,2760,0,2006,0
280927.0,4,2.25,2070,7350,2.0,0,0,4,2070,0,1977,0
647500.0,3,1.75,1290,3870,1.0,0,0,5,1290,0,1916,0
0.0,5,4.5,4630,6324,2.0,0,0,3,3210,1420,2006,0
381000.0,3,1.5,1460,11407,1.0,0,0,3,1460,0,1954,2005
190368.75,2,1.0,1120,5650,1.0,0,0,3,1120,0,1944,0
615000.0,2,1.75,2040,28593,1.5,1,3,4,2040,0,1919,1990
343000.0,4,1.75,2290,10290,1.0,0,0,3,1340,950,1960,2012
1070000.0,3,3.0,2940,4622,2.0,0,0,4,2230,710,1988,0
274750.0,4,2.5,1840,1562,2.0,0,0,3,1400,440,2004,2003
1205000.0,4,3.5,3150,5500,2.0,0,0,3,3150,0,2014,0
542500.0,5,3.25,3010,1074218,1.5,0,0,5,2010,1000,1931,0
378000.0,4,2.5,1890,12236,1.0,0,0,3,1230,660,1978,0
410000.0,4,2.25,2060,7283,1.0,0,0,3,1220,840,1963,2013
515000.0,3,2.5,1800,5001,2.0,0,0,3,1800,0,1996,0
230000.0,3,2.0,1440,5600,1.0,0,0,4,720,720,1942,2007
230000.0,2,1.0,950,7560,1.0,0,0,3,950,0,1958,2004
4668000.0,5,6.75,9640,13068,1.0,1,4,3,4820,4820,1983,2009
599950.0,3,2.5,2660,4975,2.0,0,0,3,2660,0,2014,0
1003000.0,4,2.75,2290,6120,2.0,0,0,4,2170,120,1926,1993
218000.0,3,1.75,1850,7684,1.0,0,0,3,1320,530,1979,2014
307000.0,4,1.0,1150,8184,1.5,0,0,3,1150,0,1947,2012
0.0,5,3.75,3870,8225,2.0,0,0,3,3870,0,1998,2006
432000.0,3,1.75,1470,6250,1.0,0,3,4,1070,400,1939,1989
225279.4286,3,2.25,2110,7665,1.0,0,0,4,1360,750,1973,0
300000.0,3,2.25,1780,10395,1.0,0,0,3,1780,0,1967,2011
1990000.0,5,3.0,4480,5000,2.5,0,0,5,3420,1060,1902,0
369950.0,3,2.0,1270,1320,3.0,0,0,3,1270,0,2006,0
650000.0,3,1.5,1320,8114,1.0,0,0,3,1320,0,1951,1994
653000.0,3,2.5,2680,9750,1.0,0,0,4,1610,1070,1979,0
385000.0,4,2.5,2960,5054,2.0,0,0,3,2960,0,2006,0
275000.0,4,2.0,2030,8426,2.0,0,0,3,2030,0,1944,0
480000.0,3,1.0,1150,4945,1.0,0,2,3,1150,0,1943,2002
420000.0,4,2.5,3040,24123,2.0,0,0,3,3040,0,1999,0
700000.0,4,3.25,2780,7875,2.0,0,0,3,2780,0,2006,0
339990.0,3,2.5,2570,4600,2.0,0,0,3,2570,0,2014,0
430000.0,3,2.0,1910,5040,1.5,0,0,3,1910,0,1971,0
449500.0,5,2.75,2040,7488,1.0,0,0,4,1200,840,1969,0
223000.0,2,1.0,910,9869,1.0,0,0,3,910,0,1957,2000
953007.0,4,3.5,3120,5086,2.0,0,0,3,2480,640,2008,0
234000.0,4,1.0,1390,18000,1.0,0,0,3,1390,0,1955,2013
365000.0,5,2.75,2410,5003,1.0,0,0,3,1410,1000,2008,0
370000.0,2,2.25,1280,835,2.0,0,0,3,1080,200,2009,0
500000.0,3,2.5,1210,1200,3.0,0,0,3,1210,0,2008,0
550000.0,4,3.5,4150,16197,2.0,0,0,3,4150,0,2006,0
193000.0,3,1.5,1180,9048,1.0,0,0,3,1180,0,1960,2012
515000.0,3,2.5,3370,19585,2.0,0,0,3,3200,170,1951,1994
936000.0,3,1.75,2960,12420,1.0,0,2,4,1480,1480,1952,0
799000.0,4,2.5,2590,7910,2.0,0,0,3,2590,0,2001,0
543000.0,3,2.25,1240,949,3.0,0,0,3,1240,0,2008,0
465000.0,3,2.25,1840,5752,2.0,0,0,3,1840,0,2003,0
610000.0,4,3.5,2910,5260,2.0,0,0,3,2910,0,2012,1912
199990.0,3,1.0,1100,8560,1.0,0,0,3,1100,0,1961,2004
1150000.0,3,2.5,2850,10474,1.0,0,0,4,1730,1120,1954,1979
0.0,5,2.75,2740,5616,1.5,0,0,5,1670,1070,1925,0
550607.1429,4,2.0,1660,4800,1.5,0,0,3,1660,0,1922,2008
530000.0,4,2.75,2280,2850,1.5,0,0,4,1540,740,1930,0
1130000.0,4,3.25,3810,8519,1.0,0,1,3,2680,1130,2007,0
642000.0,4,2.5,2550,10000,1.0,0,0,3,1290,1260,1964,2000
309000.0,5,2.75,2481,4045,2.0,0,0,3,2481,0,2014,0
1065000.0,2,1.75,1890,9466,2.0,0,0,3,1890,0,1987,2000
626000.0,3,2.25,1750,1572,2.5,0,0,3,1470,280,2005,0
452000.0,2,1.75,1740,5400,1.0,0,0,4,990,750,1946,1989
538888.0,5,2.75,2080,13189,2.0,0,0,3,2080,0,1987,2000
150000.0,2,1.0,890,8100,1.0,0,0,3,890,0,1942,1999
502000.0,6,2.5,2890,8122,1.0,0,0,3,1630,1260,1977,2004
445000.0,3,1.0,1050,5664,1.0,0,0,4,910,140,1947,1988
84350.0,4,2.0,2630,16475,2.0,0,0,4,2630,0,1953,1983
376000.0,3,2.0,1340,1384,3.0,0,0,3,1340,0,2008,0
220000.0,3,1.0,1060,9126,1.0,0,2,5,1060,0,1956,0
620000.0,3,1.75,1480,2185,2.5,0,0,3,1480,0,2005,0
210000.0,3,2.0,960,9380,1.0,0,0,3,960,0,1949,1998
400000.0,4,2.5,2530,7563,1.0,0,0,3,1440,1090,1978,0
379500.0,2,1.0,1640,17335,1.0,0,0,3,840,800,1978,0
2238888.0,5,6.5,7270,130017,2.0,0,0,3,6420,850,2010,0
533000.0,5,2.75,1800,3780,1.5,0,0,3,1400,400,1926,2003
599950.0,4,3.5,3730,15029,2.0,0,2,3,2440,1290,1991,0
450000.0,4,2.5,2520,8515,2.0,0,0,3,2520,0,1999,0
253000.0,3,1.75,1250,10122,1.0,0,0,3,1250,0,1994,0
350000.0,3,1.75,1820,9545,1.0,0,0,3,1230,590,1976,0
1105000.0,4,1.5,2740,4000,2.0,0,0,5,1930,810,1905,0
1300000.0,4,2.25,2360,4000,2.0,0,0,3,2360,0,2013,1923
669000.0,2,1.75,1950,10766,1.0,0,3,4,1160,790,1952,0
316000.0,4,2.5,2010,7226,2.0,0,0,3,2010,0,1995,0
673476.8182,4,2.5,1820,20011,2.0,0,0,3,1820,0,1987,2000
850000.0,4,3.25,3090,6744,2.0,0,4,3,3090,0,2013,1923
362500.0,2,1.5,940,1768,2.0,0,0,3,940,0,2009,0
607500.0,3,3.25,1530,1612,3.0,0,0,3,1530,0,2006,0
720000.0,3,2.5,3150,151588,2.0,0,0,3,3150,0,2007,0
328000.0,3,2.0,2250,7904,1.5,0,0,3,2250,0,1998,2006
1950000.0,7,3.5,4640,15235,2.0,0,1,3,2860,1780,1965,2003
300000.0,3,2.5,1700,3575,2.0,0,0,3,1700,0,2000,0
234000.0,4,2.0,1630,9010,1.0,0,0,4,1050,580,1975,0
729000.0,3,1.0,1580,3840,2.0,0,0,3,1580,0,1908,1988
762400.0,3,1.75,2430,14607,1.0,0,1,3,1230,1200,1949,1970
522000.0,3,1.75,1730,8400,1.0,0,0,4,1400,330,1980,0
532000.0,3,2.5,1820,4910,2.0,0,0,3,1820,0,1993,0
237950.0,2,1.75,1460,7926,1.0,0,0,4,1460,0,1987,0
686000.0,3,1.5,1840,9990,2.0,0,0,5,1840,0,1961,0
1400000.0,3,2.0,2020,5500,1.5,0,3,3,1790,230,1937,1999
252700.0,2,1.5,1070,9643,1.0,0,0,3,1070,0,1985,0
420000.0,2,2.5,1480,1369,3.0,0,0,3,1480,0,2009,0
192000.0,2,1.0,700,10540,1.0,0,0,3,700,0,1953,0
670000.0,3,2.5,2050,6420,1.0,0,3,3,1730,320,1956,2001
1700000.0,5,3.5,5850,22885,2.0,0,2,4,4670,1180,1978,2000
291000.0,3,1.5,1860,60960,1.0,0,0,4,1140,720,1967,0
654000.0,3,3.25,1530,1565,2.0,0,0,3,1280,250,2005,0
363000.0,3,3.25,1651,1779,2.0,0,0,3,1341,310,2008,0
740000.0,4,2.25,2920,46355,2.0,0,0,4,2920,0,1998,0
785000.0,3,1.75,1670,9600,1.0,0,0,5,1670,0,1961,0
317000.0,3,2.5,1840,5011,2.0,0,0,3,1840,0,2012,1912
242000.0,3,1.75,1280,7524,1.5,0,0,4,1280,0,1988,0
347500.0,4,2.5,2460,7350,2.0,0,0,3,2460,0,1989,0
359950.0,3,1.75,1890,9100,2.0,0,0,4,1890,0,1952,0
1030000.0,5,2.75,3190,16920,1.0,0,3,3,1690,1500,1976,0
468000.0,4,2.5,2100,8400,1.0,0,0,4,1240,860,1976,1992
632500.0,5,2.5,2640,7096,2.0,0,0,3,2640,0,2003,0
600000.0,4,1.75,1740,7700,1.0,0,0,5,1740,0,1968,0
700000.0,4,2.5,2310,3570,1.5,0,0,3,1490,820,1927,2014
615000.0,3,1.75,2350,20820,1.0,0,0,4,1800,550,1978,2000
519900.0,4,2.0,1820,9350,1.0,0,0,4,1820,0,1967,0
850000.0,4,2.25,2130,11843,2.0,0,0,4,2130,0,1972,0
660000.0,4,3.25,3030,9273,2.0,0,0,5,3030,0,1988,0
453000.0,3,2.0,1660,15050,1.0,0,0,3,1260,400,1983,2009
505000.0,2,1.0,1240,57000,1.0,0,0,3,1240,0,1962,2003
570000.0,3,2.0,1890,29185,1.0,0,0,3,1470,420,1949,2013
285000.0,5,2.5,2270,6300,2.0,0,0,3,2270,0,1995,0
200000.0,2,1.0,1730,9610,1.0,0,0,3,1380,350,1962,2003
765000.0,5,3.75,3580,14275,2.0,0,0,3,3190,390,1999,0
585000.0,3,2.0,1670,4572,1.5,0,0,3,1670,0,1931,0
0.0,4,4.0,3680,18804,2.0,0,0,3,3680,0,1990,2009
460000.0,3,3.5,1600,1431,2.0,0,0,3,1240,360,2006,0
515000.0,2,1.0,1680,6500,1.0,0,0,4,1140,540,1941,1998
670000.0,3,2.5,2700,1438,2.0,0,0,3,1280,1420,2003,0
315000.0,5,1.75,2320,8100,1.0,0,0,4,1160,1160,1956,0
580000.0,4,2.5,2220,7064,2.0,0,0,3,2220,0,1988,2000
437000.0,3,1.75,1310,9282,1.0,0,0,4,1310,0,1976,1992
256000.0,4,2.5,2050,5787,2.0,0,0,3,2050,0,2002,0
495000.0,3,1.0,990,6000,1.0,0,0,3,990,0,1943,2002
310000.0,4,2.5,2430,5499,2.0,0,0,3,2430,0,2002,0
963000.0,4,3.25,3530,8589,2.0,0,0,3,3530,0,2007,0
387000.0,3,2.25,1445,1606,2.0,0,0,3,1300,145,2003,0
648000.0,4,2.5,2380,13435,2.0,0,0,3,2380,0,1992,0
549000.0,2,1.0,1140,5400,1.0,0,0,5,1140,0,1908,0
675000.0,5,2.5,3200,6455,2.0,0,0,3,3200,0,2009,0
1087500.0,2,2.0,2360,11340,1.5,0,0,3,2360,0,1997,0
745000.0,4,3.25,3490,7024,2.0,0,0,3,3490,0,2006,0
430000.0,3,1.0,980,7200,1.0,0,0,4,980,0,1950,1983
600000.0,5,2.25,2980,7781,1.0,0,0,3,1580,1400,1960,2012
488000.0,2,2.0,1360,4688,1.0,0,0,3,780,580,1944,0
755000.0,4,2.5,2120,10202,1.0,0,0,4,1620,500,1960,2001
215000.0,4,1.5,1860,5040,1.5,0,0,5,1860,0,1920,0
375000.0,4,2.5,1870,7471,2.0,0,0,3,1870,0,1990,2009
1110000.0,5,3.25,3350,4000,2.0,0,0,4,2510,840,1997,0
484998.0,4,2.5,1540,1870,2.0,0,0,3,1540,0,2014,0
268000.0,2,1.0,1380,5000,1.0,0,0,3,870,510,1943,2002
315000.0,6,4.0,3120,4240,2.0,0,2,4,2090,1030,1993,0
890000.0,4,1.0,2550,4000,2.0,0,0,3,2370,180,1905,2010
585000.0,4,2.5,2840,11044,2.0,0,0,3,2840,0,2001,0
379000.0,4,1.5,2020,7560,1.0,0,0,4,2020,0,1960,2001
742500.0,4,2.75,3100,3773,2.0,0,0,3,2000,1100,1919,1996
460000.0,4,1.75,1750,5500,1.5,0,0,5,1050,700,1926,0
0.0,3,1.75,1490,10125,1.0,0,0,4,1490,0,1962,0
435000.0,5,2.0,1840,9240,1.0,0,0,4,1540,300,1942,1958
357500.0,3,3.5,2080,5100,2.0,0,0,3,2080,0,2004,2003
495000.0,5,3.0,2440,4750,1.0,0,0,3,1450,990,2006,0
266200.0,3,1.5,1430,9600,1.0,0,0,4,1430,0,1966,0
562100.0,2,0.75,1440,3700,1.0,0,0,3,1200,240,1914,1996
371000.0,4,2.5,2550,4770,2.0,0,0,3,2550,0,2005,0
1085000.0,5,2.5,2340,6000,2.0,0,0,4,2340,0,1922,0
975000.0,6,2.75,2520,54160,2.0,1,4,3,2520,0,1954,2005
83000.0,2,1.0,900,8580,1.0,0,0,3,900,0,1918,0
490000.0,3,2.25,1470,2500,2.0,0,0,3,1080,390,1984,0
411000.0,4,2.75,2150,9915,1.0,0,0,5,1240,910,1976,0
339950.0,3,2.5,2390,34041,1.0,0,0,3,1840,550,1984,0
475000.0,4,2.5,1850,5444,2.0,0,0,5,1850,0,1981,0
830000.0,3,3.0,2080,10521,1.5,0,0,3,2080,0,2004,2003
440000.0,3,1.0,1050,7500,1.0,0,0,3,1050,0,1900,2005
437000.0,3,2.75,2580,5200,2.0,0,0,3,2580,0,2008,0
440000.0,3,1.0,1210,5750,1.5,0,0,4,1210,0,1910,0
185000.0,3,1.5,1370,8470,1.0,0,0,4,1370,0,1961,2001
549900.0,5,2.75,3060,7015,1.0,0,0,5,1600,1460,1979,0
220000.0,3,1.0,1050,6300,1.0,0,0,3,1050,0,1942,1999
660500.0,5,2.5,2950,5500,1.5,0,0,5,1720,1230,1918,0
407000.0,4,2.25,2810,23400,1.0,0,1,3,1710,1100,1958,2004
429000.0,5,2.5,2340,4500,2.0,0,0,3,2340,0,2009,0
190000.0,1,1.0,720,4800,1.0,0,0,3,720,0,1914,1996
538000.0,3,1.0,1460,7200,1.0,0,0,3,1260,200,1906,2014
304700.0,2,1.0,740,5995,1.0,0,0,4,740,0,1949,1985
482500.0,3,2.25,1450,1445,2.0,0,0,3,980,470,2005,0
429000.0,2,1.75,1350,6315,1.0,0,0,3,1350,0,2005,0
810000.0,3,1.5,1520,9041,1.0,0,0,4,1520,0,1954,1979
689900.0,4,3.25,2740,7266,2.0,0,0,3,2060,680,2003,0
725000.0,2,1.75,1950,2719,1.0,0,0,5,1010,940,1919,1934
555000.0,5,3.0,3640,6930,2.0,0,0,3,3640,0,2004,2003
408000.0,3,2.25,1950,7221,1.0,0,0,4,1950,0,2006,0
201000.0,3,1.0,1460,9750,1.0,0,0,4,1460,0,1969,0
870000.0,4,2.5,3340,12248,2.0,0,1,3,2470,870,1998,2006
739900.0,5,2.5,3290,5029,2.0,0,0,3,3290,0,2004,2003
619000.0,4,2.0,2300,3400,1.5,0,0,5,1550,750,1915,0
175000.0,2,1.0,660,5000,1.0,0,0,3,660,0,1915,0
350000.0,2,0.75,1392,43710,1.5,0,0,4,1392,0,1978,2000
185000.0,3,1.0,1840,8100,1.0,0,0,4,920,920,1953,1983
512500.0,3,2.5,1840,2875,2.0,0,0,4,1840,0,1997,0
387884.6154,3,1.75,1590,8219,1.5,0,0,5,970,620,1938,0
497000.0,3,2.25,1630,3817,2.0,0,0,3,1630,0,2005,0
532000.0,5,3.0,3480,57499,1.0,0,0,4,2340,1140,1976,1992
309950.0,3,2.5,1880,7838,2.0,0,0,3,1880,0,1994,0
523460.0,5,1.75,1890,5000,1.5,0,0,3,1090,800,1906,2014
725000.0,4,2.5,2490,5170,2.0,0,0,4,2490,0,2000,0
306000.0,3,2.5,1870,5874,2.0,0,0,3,1870,0,2005,0
405000.0,2,1.0,910,6490,1.0,0,0,3,910,0,1942,1999
282000.0,3,2.5,1680,15711,1.0,0,0,3,1240,440,1994,0
743700.0,4,2.5,2610,33206,2.0,0,0,3,2610,0,1988,2000
525000.0,3,3.0,2600,5238,1.5,0,3,3,1890,710,1989,0
427000.0,5,2.75,2220,4000,1.0,0,0,3,1230,990,1973,2013
562100.0,3,2.25,2090,12112,2.0,0,0,3,2090,0,1983,2009
408900.0,3,1.75,2930,19876,1.0,0,0,3,2030,900,1993,0
280950.0,3,1.75,1390,8700,1.0,0,3,4,840,550,1912,1989
1020000.0,4,3.5,3770,8501,2.0,0,0,3,3770,0,2008,0
0.0,3,1.0,1520,9030,1.0,0,0,3,1520,0,1956,2001
205000.0,3,1.0,1290,6566,1.0,0,0,5,1290,0,1976,0
515000.0,4,2.5,3200,6473,2.0,0,0,3,3200,0,2005,0
300000.0,4,2.5,2700,10814,1.0,0,0,4,1560,1140,1966,0
498800.0,2,1.75,1350,4614,1.0,0,0,3,1350,0,2008,0
500000.0,4,1.75,2240,9886,1.5,0,0,4,2240,0,1965,0
440000.0,2,1.75,1300,4000,2.0,0,0,3,1300,0,1948,1994
320000.0,4,2.25,2310,7490,2.0,0,0,3,2310,0,1980,0
415000.0,3,1.75,2410,8944,1.0,0,0,4,1860,550,1967,0
265000.0,4,3.0,1940,8170,1.0,0,0,4,1940,0,1948,0
395000.0,3,1.75,1460,22651,1.0,0,0,4,1460,0,1961,2001
580000.0,3,2.25,1900,3960,1.5,0,0,3,1200,700,1905,2010
309000.0,3,2.25,1980,8755,1.0,0,0,4,1300,680,1963,0
265000.0,3,2.0,1570,5706,1.0,0,0,3,1570,0,1998,2006
214100.0,2,2.5,1150,2064,2.0,0,0,3,1150,0,2004,2003
665000.0,6,2.75,2840,8346,1.0,0,0,5,1420,1420,1961,0
406500.0,2,1.0,870,5750,1.0,0,0,4,870,0,1947,1988
0.0,4,1.5,2180,22870,1.0,0,0,4,1280,900,1954,1975
760000.0,4,2.5,2420,10285,1.0,0,4,3,1700,720,1958,2004
560000.0,3,2.5,2070,12708,2.0,0,0,3,2070,0,1996,0
734950.0,4,3.25,4280,47179,2.0,0,0,3,3050,1230,2002,0
430000.0,3,2.0,1730,9000,1.0,0,0,3,1370,360,1978,0
690408.6207,4,2.5,3210,14910,2.0,0,0,3,3210,0,1995,0
611000.0,3,2.5,2134,1984,2.5,0,0,3,2134,0,2008,0
383000.0,4,2.5,2160,6223,2.0,0,0,3,2160,0,2010,0
650000.0,3,1.5,2160,9000,1.0,0,2,4,1400,760,1949,1985
409900.0,2,2.5,1590,1845,2.0,0,0,3,1590,0,1997,0
356000.0,2,1.0,920,4095,1.0,0,0,4,920,0,1914,1945
475000.0,3,2.25,1580,12177,1.0,0,0,3,1200,380,1981,2013
495000.0,3,1.75,1440,11787,1.0,0,0,3,1440,0,1983,2009
153000.0,3,1.0,1270,6405,1.5,0,0,3,1270,0,1944,0
275000.0,3,2.0,1380,4500,1.0,0,0,3,1380,0,2008,0
720000.0,3,2.5,2020,1159,3.0,0,3,3,2020,0,2000,0
395000.0,4,3.0,1980,7931,1.0,0,0,4,1160,820,1983,0
249000.0,3,1.0,1110,8423,1.0,0,0,3,1110,0,1952,2008
0.0,4,2.5,4080,18362,2.0,0,2,4,4080,0,1983,0
1030000.0,3,4.0,3880,13095,2.0,0,3,3,3700,180,2009,0
847000.0,5,1.0,2550,4623,2.5,0,0,4,2550,0,1905,0
561500.0,3,1.75,1960,6380,1.0,0,0,4,980,980,1939,1989
650000.0,3,1.5,1630,7475,1.0,0,1,3,1160,470,1940,1996
329950.0,3,2.5,1820,8085,2.0,0,0,3,1820,0,1983,2009
270000.0,4,2.5,1660,8063,1.0,0,0,4,1660,0,1978,2000
274900.0,4,2.5,1970,6600,2.0,0,0,3,1970,0,1987,2000
580000.0,5,2.0,2700,10875,1.0,0,0,4,1540,1160,1962,0
345950.0,3,2.5,2110,4118,2.0,0,0,3,2110,0,1989,0
505000.0,3,1.75,1640,10695,1.0,0,2,3,1640,0,1975,0
720000.0,4,2.5,2870,12648,2.0,0,0,4,2870,0,1986,0
550000.0,3,1.75,2240,78225,2.0,0,0,5,2240,0,1976,0
1300000.0,4,1.75,2610,21600,1.0,0,0,4,2610,0,1966,0
200000.0,3,1.5,1090,9600,1.0,0,0,4,1090,0,1968,0
585000.0,3,2.5,1910,1501,2.5,0,0,3,1530,380,2007,0
489950.0,3,2.25,1820,7326,2.0,0,0,3,1820,0,1983,2009
137124.0,3,1.0,960,27442,1.0,0,0,4,960,0,1970,0
360000.0,4,2.5,2380,5000,2.0,0,0,3,2380,0,2005,0
299900.0,3,1.0,1110,8593,1.0,0,0,3,1110,0,1979,2014
665000.0,3,2.5,2190,10370,2.0,0,0,3,2190,0,1987,2000
370000.0,3,1.75,1650,8254,1.0,0,0,5,1060,590,1951,0
260000.0,4,2.0,1480,8625,1.0,0,0,4,1480,0,1974,0
628000.0,4,2.0,2260,6000,1.0,0,0,3,1430,830,1958,2004
580000.0,3,2.5,2040,4627,2.0,0,0,3,2040,0,1992,0
496000.0,2,1.0,900,9260,1.0,0,0,3,900,0,1946,0
248500.0,4,1.75,1720,10018,1.0,0,0,5,1720,0,1960,0
400000.0,2,1.0,1470,6120,1.0,0,0,2,1470,0,1940,0
315000.0,2,1.0,970,5665,1.0,0,0,4,970,0,1908,0
575000.0,3,3.0,1384,1287,2.0,0,0,3,1144,240,2006,0
258000.0,3,1.0,1490,7435,1.0,0,0,3,1120,370,1969,2010
450000.0,3,1.0,1100,4600,1.0,0,0,3,1100,0,1917,2009
581000.0,4,2.0,2510,13695,1.0,0,0,4,1280,1230,1961,2001
415000.0,4,2.5,2550,4500,2.0,0,0,3,2550,0,2009,0
665000.0,4,2.5,2720,10000,2.0,0,0,3,2720,0,1987,2000
270000.0,4,2.5,1920,8497,2.0,0,0,3,1920,0,1998,2006
446000.0,2,1.5,1370,1221,2.0,0,0,3,1080,290,2008,0
645000.0,4,2.5,3160,11380,2.0,0,0,3,3160,0,1983,2009
500000.0,5,3.0,2920,11440,2.0,0,0,3,2920,0,2003,0
584000.0,3,2.5,1480,1485,2.0,0,0,3,1280,200,2007,0
246000.0,3,1.75,1390,7399,1.0,0,0,4,1390,0,1975,0
369000.0,3,2.0,1550,8509,1.0,0,0,3,1150,400,1959,1989
480000.0,5,2.75,2550,7725,1.0,0,0,5,1390,1160,1967,0
455500.0,3,2.0,1460,10311,1.0,0,0,4,1460,0,1975,0
900000.0,4,3.25,4700,38412,2.0,0,0,3,3420,1280,1978,0
405000.0,3,1.5,1010,7683,1.5,0,0,5,1010,0,1953,0
659950.0,4,2.75,3510,9400,2.0,0,0,3,3510,0,2014,0
175000.0,3,1.5,1220,7300,1.0,0,0,3,1220,0,1973,2013
595888.0,3,1.75,1870,9000,1.0,0,0,5,1870,0,1958,0
713250.0,3,2.0,2050,9000,1.0,0,0,4,2050,0,1951,1999
383000.0,3,2.25,2090,15000,1.0,0,0,3,2090,0,1961,2004
206135.0,3,1.0,1340,11070,1.0,0,0,4,1340,0,1978,2000
260000.0,2,1.0,700,4800,1.0,0,0,3,700,0,1922,2008
518500.0,3,3.5,1590,1102,3.0,0,0,3,1590,0,2010,0
520000.0,3,1.75,2300,35722,1.0,0,0,3,2300,0,1984,0
335000.0,4,2.5,1750,8476,1.0,0,0,4,1240,510,1983,0
0.0,5,3.5,2640,6895,2.0,0,0,3,2640,0,2001,0
2180000.0,6,2.75,4710,11000,2.0,0,3,3,3690,1020,1931,0
284000.0,3,1.5,1500,10018,1.0,0,0,4,1500,0,1957,2001
385000.0,3,1.75,1890,9920,1.0,0,0,3,1230,660,1944,0
210000.0,3,1.0,1070,8179,1.0,0,0,3,1070,0,1949,1998
625000.0,4,1.0,1600,5500,1.5,0,0,4,1600,0,1946,1989
525000.0,4,2.5,3670,9958,2.0,0,0,3,3670,0,2005,0
215000.0,2,1.0,1320,8865,1.0,0,0,4,1320,0,1943,0
682000.0,3,1.75,1830,5120,1.5,0,2,5,1830,0,1903,0
539950.0,3,2.25,2190,7149,1.0,0,1,4,1240,950,1963,0
620000.0,5,2.5,2540,3832,2.0,0,0,5,1760,780,1929,0
1325000.0,4,4.0,4420,16526,2.0,0,0,3,4420,0,2013,1923
249000.0,3,1.0,1000,19204,1.0,0,0,3,1000,0,1968,2010
695000.0,3,2.75,2590,12063,2.0,0,0,3,2590,0,1993,0
560000.0,5,1.0,1710,9100,1.5,0,0,4,1320,390,1926,1993
334000.0,4,1.5,1150,9360,1.5,0,0,3,1150,0,1970,2014
189000.0,2,2.0,1700,3171,1.0,0,0,5,850,850,1927,0
489950.0,4,2.25,2640,31941,1.0,0,0,4,2640,0,1986,0
340000.0,5,1.0,1120,9022,1.5,0,0,4,1120,0,1962,0
402500.0,3,3.25,2780,4002,2.0,0,0,3,2780,0,2009,0
254000.0,3,2.0,1480,7480,1.0,0,0,4,1480,0,1992,0
399500.0,3,1.75,2420,12676,2.0,0,0,3,2420,0,1911,1986
336750.0,2,2.25,1170,1011,2.0,0,0,3,1170,0,2009,0
307000.0,3,1.5,2320,7500,1.0,0,0,3,2320,0,1976,0
237481.25,3,2.0,2120,7560,1.0,0,0,3,2120,0,1991,0
785000.0,5,3.25,3660,11995,2.0,0,2,3,3660,0,2006,0
406000.0,4,1.0,1580,8475,1.5,0,2,4,1580,0,1928,0
264270.0,3,2.5,1630,7700,1.0,0,0,3,1120,510,1978,0
391000.0,3,2.25,1410,1290,2.0,0,0,3,1290,120,2004,2003
435000.0,5,2.25,1970,15247,1.0,0,0,3,1450,520,1986,0
725000.0,3,3.5,3690,8837,2.0,0,0,3,3690,0,2001,0
449990.0,4,2.5,2680,5539,2.0,0,0,3,2680,0,2013,1923
314500.0,3,2.0,2050,13303,1.0,0,0,3,2050,0,1993,0
252350.0,3,2.0,1650,7352,1.0,0,0,3,1160,490,1979,2014
255000.0,3,1.5,1060,9039,1.0,0,0,3,1060,0,1973,2013
750000.0,3,1.75,2610,5544,1.5,0,0,3,1680,930,1934,1978
435000.0,3,1.0,1270,4000,1.5,0,2,3,1270,0,1928,1954
628000.0,4,2.0,2280,6010,1.0,0,0,3,1140,1140,1900,2005
648000.0,4,2.5,3290,6203,2.0,0,0,3,3290,0,2008,0
280000.0,4,2.25,1930,7207,1.0,0,0,4,1360,570,1988,0
312000.0,4,2.5,1830,5175,2.0,0,0,3,1830,0,2003,0
475000.0,7,3.5,2870,29699,1.0,0,0,3,1520,1350,1961,2004
334888.0,3,2.5,1769,7324,2.0,0,0,3,1769,0,2012,1912
765000.0,4,2.25,2560,12100,1.0,0,0,4,1760,800,1976,1992
805000.0,4,2.75,2410,6000,1.0,0,0,5,1410,1000,1950,0
1185001.0,3,2.75,2500,5568,2.0,0,0,5,2500,0,1905,0
260000.0,6,2.0,2220,8797,1.0,0,0,3,2220,0,1977,2004
950000.0,5,3.25,3400,7452,2.0,0,0,3,3400,0,1999,0
198000.0,4,1.75,2080,7200,1.0,0,0,4,1050,1030,1966,0
280000.0,3,1.0,1090,10710,1.0,0,0,4,1090,0,1962,0
327000.0,5,2.75,2400,8050,2.0,0,0,3,2400,0,1998,2006
1100000.0,3,2.0,2390,6888,2.0,0,1,5,2390,0,1939,0
510000.0,3,1.5,2240,3800,2.0,0,0,3,1370,870,1929,0
317061.875,3,1.75,1280,10716,1.0,0,0,4,1280,0,1969,0
363990.0,4,2.5,2240,3712,2.0,0,0,3,2240,0,2014,0
424000.0,3,2.0,1670,7700,1.0,0,0,3,1170,500,1972,2002
182805.0,3,1.0,1040,8892,1.0,0,0,4,800,240,1958,1972
325000.0,2,1.0,840,4239,1.0,0,0,3,840,0,1948,1994
251000.0,3,1.75,1220,7250,1.0,0,0,3,1220,0,1962,2003
970000.0,4,3.25,2790,5420,1.0,0,3,3,1130,1660,1963,2013
850000.0,4,3.25,4350,112750,1.0,0,0,3,2200,2150,2006,0
538000.0,3,1.75,1400,3825,1.5,0,0,4,1100,300,1904,0
750500.0,5,3.0,2170,2440,1.5,0,0,4,1450,720,1911,1966
1320000.0,4,3.5,4410,36200,2.0,0,0,3,4410,0,1989,0
554000.0,4,1.0,1120,7104,1.5,0,0,3,1120,0,1946,0
542000.0,4,1.75,1900,8250,1.0,0,0,4,950,950,1955,2009
356000.0,3,3.5,2100,12384,2.0,0,0,3,2100,0,1980,0
599000.0,3,2.75,1960,2500,1.5,0,0,5,1410,550,1926,0
1575000.0,5,2.75,3650,20150,1.0,0,0,4,2360,1290,1975,0
1425000.0,4,4.25,4960,6000,2.5,0,0,3,3680,1280,1909,2003
900000.0,4,2.5,2230,4372,2.0,0,0,5,1540,690,1935,0
840000.0,4,3.5,3860,18334,2.0,0,0,3,3120,740,1996,0
370000.0,4,2.5,3090,18645,2.0,0,0,3,3090,0,1995,0
249000.0,4,2.25,1830,6136,2.0,0,0,3,1830,0,1990,2009
410000.0,3,1.75,1660,6250,1.0,0,0,3,830,830,1980,0
838000.0,4,2.5,3310,42998,2.0,0,0,3,3310,0,2001,0
295950.0,2,1.0,1190,6200,1.0,0,0,3,1190,0,1948,1994
660000.0,3,1.0,1240,3500,1.0,0,0,4,1240,0,1927,0
592500.0,2,2.0,1420,9191,1.5,0,2,5,1420,0,1928,1970
249900.0,2,1.0,1140,5500,1.0,0,0,3,1140,0,1947,2012
349950.0,3,1.0,1400,7066,1.0,0,0,3,1400,0,1957,2000
269500.0,2,1.5,1480,7276,1.0,0,0,4,940,540,1978,2000
1505000.0,4,3.5,3480,7232,2.0,0,0,3,2580,900,1926,2010
587000.0,4,2.5,2550,6256,2.0,0,0,3,2550,0,1992,0
349950.0,3,1.0,1060,9525,1.0,0,0,3,1060,0,1966,1963
405000.0,3,1.0,1460,10000,1.5,0,0,3,1460,0,2002,0
515000.0,3,2.5,2600,4506,2.0,0,0,3,2600,0,2003,0
0.0,5,6.25,8020,21738,2.0,0,0,3,8020,0,2001,0
274333.3333,3,2.25,1780,191228,2.0,0,2,3,1780,0,1988,2000
690000.0,4,2.5,3220,35400,2.0,0,0,3,3220,0,1991,0
346750.0,3,1.0,1620,30736,1.5,0,0,4,1620,0,1911,1977
330675.0,4,3.0,1930,3031,1.0,0,0,3,1200,730,2006,0
375000.0,3,1.5,2000,7294,1.0,0,0,3,1520,480,1965,1993
970000.0,3,2.25,3060,9950,1.5,0,2,4,1810,1250,1930,0
970000.0,5,3.0,3480,15185,2.0,0,0,4,3480,0,1964,0
655000.0,4,2.5,2860,12394,2.0,0,0,3,2860,0,1999,0
475000.0,4,3.5,3400,234352,2.0,0,0,3,2500,900,1991,0
575000.0,4,2.5,4620,20793,2.0,0,0,4,4620,0,1991,0
600000.0,4,2.5,2620,9873,2.0,0,0,3,2620,0,1987,2000
210000.0,2,1.5,880,1157,2.0,0,0,3,880,0,2007,0
461000.0,3,3.25,2770,6278,2.0,0,0,3,1980,790,2006,0
604000.0,3,2.5,3240,33151,2.0,0,2,3,3240,0,1995,0
640000.0,4,2.5,2341,9594,2.0,0,0,3,2341,0,1997,0
813000.0,4,2.75,3370,6675,1.0,0,3,4,1920,1450,1948,0
0.0,4,2.5,1960,11600,1.0,0,0,5,980,980,1931,0
610750.0,4,2.25,2180,7297,2.0,0,0,3,2180,0,1984,0
1240000.0,5,3.0,2830,7500,2.0,0,0,3,2460,370,1923,1998
324950.0,3,1.5,1460,8710,1.0,0,0,3,1460,0,1955,2005
379000.0,2,1.0,800,6380,1.0,0,2,3,800,0,1940,1996
235000.0,2,1.0,1270,3008,1.0,0,0,4,650,620,1923,0
439000.0,3,2.5,3180,7904,1.0,0,0,3,1810,1370,2006,0
545000.0,4,2.25,2030,11585,1.0,0,0,4,1590,440,1967,0
661000.0,4,2.25,1990,4600,1.5,0,2,4,1420,570,1932,1958
681000.0,3,1.0,1700,6356,1.5,0,0,3,1700,0,1907,1983
264000.0,4,1.75,1820,8118,1.0,0,0,4,1080,740,1980,0
405000.0,2,1.75,1710,4234,2.0,0,0,3,1330,380,1920,1979
480000.0,3,2.25,1680,9090,1.0,0,0,4,1130,550,1959,0
400000.0,3,1.0,1040,6250,1.0,0,0,3,1040,0,1942,1999
1015000.0,3,3.25,3620,4000,2.0,0,0,3,2730,890,2005,0
357562.0,2,1.75,1210,1032,2.0,0,0,3,1210,0,2014,0
550000.0,4,1.0,1440,3600,1.5,0,0,4,1440,0,1924,0
190000.0,5,2.0,1750,10284,1.0,0,0,4,1750,0,1943,0
540000.0,4,4.25,1960,3565,2.0,0,0,3,1960,0,1940,2003
272500.0,3,2.0,1410,7622,1.0,0,0,4,1410,0,1983,0
408200.0,3,2.5,1800,5761,2.0,0,0,4,1800,0,1990,0
842500.0,4,2.5,2160,5298,2.5,0,0,4,2160,0,1902,0
555000.0,3,2.5,1940,3211,2.0,0,0,3,1940,0,2009,0
317000.0,3,2.0,1760,11410,1.0,0,0,5,1060,700,1977,0
712000.0,3,1.0,1250,4620,1.5,0,0,4,1150,100,1900,1971
1388000.0,4,3.0,4040,20001,1.0,0,0,3,2020,2020,1972,2001
451555.0,2,1.0,1320,4520,1.0,0,1,3,1320,0,1912,1971
850000.0,5,2.0,2310,13430,1.5,0,0,4,2310,0,1966,0
845000.0,4,2.75,4070,115434,2.0,0,0,3,4070,0,2002,0
435000.0,4,3.0,4260,18000,2.0,0,2,3,4260,0,2000,0
351999.0,3,2.5,2370,4200,2.0,0,0,3,2370,0,2014,0
335500.0,3,1.0,1370,6780,2.0,0,0,3,1370,0,1930,1997
554250.0,3,2.5,1490,1709,3.0,0,0,3,1490,0,2004,2003
275000.0,3,1.5,1390,48257,1.0,0,0,3,1390,0,1922,2013
480000.0,3,2.0,1470,10052,1.0,0,0,4,1470,0,1956,0
620000.0,3,2.5,2480,9041,2.0,0,0,3,2480,0,2004,2003
299000.0,5,2.5,2220,9360,1.0,0,0,4,1110,1110,1968,0
885000.0,4,2.75,2730,3560,1.5,0,0,3,1550,1180,1921,2007
835000.0,3,3.0,2790,12523,2.0,1,4,4,1600,1190,1977,0
905000.0,4,3.5,2970,14486,2.0,0,0,3,2340,630,1997,0
545000.0,3,1.0,1510,5000,1.5,0,0,3,1510,0,1909,2004
1355000.0,3,1.5,2680,4775,2.0,0,2,5,1880,800,1913,0
835000.0,4,4.25,4930,25714,2.0,0,0,3,4930,0,2005,0
580000.0,4,2.5,3250,5000,2.0,0,0,3,3250,0,2008,0
690000.0,3,2.0,1760,6428,1.0,0,0,4,980,780,1942,1982
673000.0,3,2.75,2830,3496,2.0,0,0,3,2830,0,2012,1912
415000.0,3,1.75,1070,8000,1.0,0,0,3,1070,0,1977,2004
486000.0,4,2.5,2150,39449,1.0,0,0,3,1420,730,1978,0
348580.0,3,1.0,1220,7876,1.0,0,0,3,1220,0,1966,1963
749950.0,4,2.75,3110,35235,2.0,0,0,4,3110,0,1983,0
1012000.0,4,2.5,2980,16263,2.0,0,0,3,2980,0,1989,0
418800.0,4,2.25,2100,9984,1.0,0,0,4,1290,810,1973,0
442500.0,4,2.5,2170,14024,2.0,0,0,3,2170,0,1992,0
525000.0,2,2.5,1160,1458,2.0,0,0,3,1040,120,2012,1912
263000.0,3,1.75,1570,7775,2.0,0,0,3,1570,0,1982,0
465000.0,3,2.25,1530,1245,2.0,0,0,3,1050,480,2014,0
352750.0,2,1.75,1060,1241,2.0,0,0,3,960,100,2008,0
690000.0,3,3.25,1540,1428,3.0,0,0,3,1540,0,2013,1923
742000.0,4,2.5,2810,10986,2.0,0,0,3,2810,0,1997,0
235000.0,4,2.0,1570,9415,2.0,0,0,4,1570,0,1984,0
405000.0,3,2.25,1660,8307,1.0,0,0,4,1660,0,1961,2001
224000.0,3,1.5,1560,7300,1.0,0,0,4,1040,520,1964,0
175000.0,2,1.0,830,2699,1.0,0,0,3,830,0,1996,0
1000000.0,2,1.75,2430,23400,1.0,0,4,3,2430,0,1951,1994
982000.0,4,2.75,3610,8580,2.0,0,0,3,3610,0,2014,0
405000.0,3,2.25,1520,1245,3.0,0,0,3,1520,0,2004,2003
425000.0,3,2.25,1820,8058,1.0,0,0,3,1260,560,1974,0
683500.0,3,1.5,1820,5756,1.5,0,0,3,1640,180,1946,0
245000.0,2,1.0,870,6150,1.0,0,0,3,870,0,1941,1994
365000.0,4,2.0,1940,25600,1.0,0,0,1,1940,0,1962,0
415000.0,3,2.25,1950,8868,1.0,0,0,3,1350,600,1964,2000
568000.0,4,1.75,2790,17476,1.0,0,2,3,1450,1340,1956,2001
415000.0,3,2.5,2480,8342,2.0,0,0,3,2480,0,1986,0
384000.0,3,2.5,1700,4000,2.0,0,0,3,1700,0,2003,0
1131000.0,3,2.25,2790,13791,1.0,0,3,3,2790,0,2006,0
257950.0,3,1.75,1370,5858,1.0,0,0,3,1370,0,1987,2000
3710000.0,4,3.5,5550,28078,2.0,0,2,4,3350,2200,2000,0
285000.0,2,2.5,1380,1073,2.0,0,0,3,1140,240,2011,0
225000.0,3,1.0,990,8012,1.0,0,0,4,990,0,1966,0
1410000.0,4,2.25,3250,16684,2.0,0,0,3,3250,0,1979,2014
265950.0,3,1.5,1150,8450,1.0,0,0,4,1150,0,1951,1999
607500.0,5,1.75,2220,6000,1.5,0,0,3,1420,800,1923,1998
310000.0,3,2.5,2540,4775,2.0,0,0,3,2540,0,2006,0
715000.0,4,1.75,3420,7200,1.0,0,3,5,1770,1650,1947,0
360500.0,3,2.5,1150,887,3.0,0,0,3,1150,0,2007,0
950000.0,4,2.5,3670,7680,2.5,0,0,3,3670,0,2007,0
120750.0,3,1.75,1140,9628,1.0,0,0,4,1140,0,1969,0
531000.0,3,2.5,2120,9736,2.0,0,0,3,2120,0,1988,2000
589000.0,4,2.5,2910,5776,2.0,0,2,3,2910,0,1998,2006
360000.0,3,1.0,1050,9206,1.5,0,0,3,1050,0,1954,2005
629000.0,3,2.0,1760,5000,1.0,0,0,5,960,800,1920,0
385000.0,3,2.25,1710,11500,1.0,0,0,3,1210,500,1978,0
325000.0,4,3.5,2630,3435,1.5,0,3,3,1640,990,1984,0
499000.0,3,3.5,1690,1432,2.0,0,0,3,1360,330,2008,0
234000.0,2,1.0,870,11100,1.0,0,0,3,870,0,1940,1996
489990.0,5,2.25,2440,20828,1.5,0,0,4,2440,0,1975,0
1387800.0,3,3.0,2480,5500,2.0,0,3,3,1730,750,1950,2005
1125000.0,6,3.0,2880,3192,2.0,0,0,4,2180,700,1919,1985
350000.0,2,1.0,740,7680,1.0,0,0,4,740,0,1922,0
1127000.0,4,2.5,3160,8281,2.0,0,0,4,3160,0,1995,0
578000.0,4,2.5,2070,5415,2.0,0,0,3,2070,0,1996,0
322200.0,4,2.25,2010,19000,2.0,0,0,4,2010,0,1975,0
349810.0,3,1.0,960,8855,1.0,0,0,4,960,0,1958,1972
749000.0,4,2.5,2930,18199,2.0,0,0,3,2930,0,1998,2006
784000.0,3,3.5,3950,111078,1.5,0,0,3,2460,1490,1989,0
648360.0,4,1.75,2260,7005,1.0,0,1,4,1130,1130,1947,1988
400000.0,2,1.75,2110,9519,1.0,0,0,2,2110,0,1948,0
1400000.0,4,3.25,4700,9160,1.0,0,4,3,2520,2180,2005,0
1820000.0,4,4.5,6640,53330,2.0,0,0,3,6640,0,1993,0
355000.0,4,2.25,1810,4970,2.0,0,0,3,1810,0,2003,0
200000.0,3,2.25,1230,7420,1.5,0,0,5,1230,0,1913,0
598000.0,5,2.25,2890,12478,2.0,0,0,3,2890,0,1977,2004
245000.0,3,1.75,1920,9306,1.0,0,0,3,1000,920,1984,0
495000.0,4,2.25,1940,9144,1.0,0,0,4,1430,510,1956,0
324000.0,4,1.75,2110,7208,1.0,0,0,3,1170,940,1975,0
738500.0,3,2.5,2300,6009,1.0,0,0,3,2300,0,2005,0
247000.0,3,2.25,1580,7941,2.0,0,0,4,1580,0,1986,0
0.0,6,3.0,3020,13783,2.0,0,0,3,3020,0,1952,2002
570000.0,3,1.75,1930,36210,1.0,0,0,3,1930,0,1977,2004
185000.0,4,1.0,1490,6600,1.0,0,0,3,1490,0,1969,2010
660000.0,4,1.75,2780,9900,2.0,0,0,4,2780,0,1978,2000
430000.0,4,1.75,1890,6000,1.0,0,0,4,1110,780,1947,1988
410000.0,3,2.0,1400,45738,2.0,0,0,4,1400,0,1981,0
880000.0,3,2.0,2130,35169,1.0,0,0,4,2130,0,1989,0
640000.0,2,2.25,1540,965,3.0,0,0,3,1540,0,2007,0
305000.0,3,1.5,1210,5240,1.0,0,0,4,610,600,1983,0
534500.0,3,2.5,1700,3150,2.0,0,0,3,1700,0,2005,0
478000.0,3,2.25,1640,3896,2.0,0,0,3,1640,0,1994,0
1051000.0,4,3.75,3860,5474,2.5,0,0,3,3860,0,2007,0
485000.0,3,2.0,1420,4080,1.5,0,0,3,1420,0,1905,2013
260000.0,3,2.25,1920,9680,1.0,0,0,4,1300,620,1961,2001
505000.0,3,2.5,1860,8060,2.0,0,0,4,1860,0,1987,0
1050000.0,3,4.0,4380,42769,2.0,0,0,5,4380,0,1983,0
560200.0,3,2.5,1990,3984,2.0,0,0,3,1990,0,2004,2003
705000.0,4,2.5,2650,4316,1.5,0,0,3,1520,1130,1905,2013
372500.0,5,3.0,2480,10090,1.0,0,0,3,1300,1180,2004,2003
650000.0,4,3.0,3720,57499,1.0,0,0,3,1880,1840,2003,0
175000.0,2,1.0,1300,44431,1.0,0,0,5,1300,0,1958,0
475000.0,4,1.75,1650,7775,1.0,0,0,4,1150,500,1950,1983
435000.0,4,2.75,2110,8751,1.0,0,0,3,1510,600,1962,2003
1538000.0,3,2.25,2880,7599,1.0,0,2,3,1710,1170,1958,2002
353500.0,4,2.25,1760,9602,2.0,0,0,3,1760,0,1987,2000
285000.0,2,1.0,910,8155,1.0,0,0,4,910,0,1948,0
442000.0,4,2.25,2080,12007,1.0,0,0,4,1220,860,1979,0
600000.0,3,2.5,2630,77972,2.0,0,0,3,2630,0,2004,2003
300000.0,2,1.0,760,3001,1.0,0,0,3,760,0,1913,1983
545000.0,4,2.5,2090,6023,2.0,0,0,3,2090,0,1990,2009
460000.0,2,1.5,2730,19877,1.0,0,0,4,1570,1160,1976,1992
454790.0,2,1.75,1990,4000,1.0,0,0,5,1090,900,1952,1998
387500.0,4,1.0,1320,4440,1.5,0,0,3,1320,0,1929,0
342000.0,2,1.0,740,6180,1.0,0,0,3,740,0,1948,1994
870000.0,4,2.75,2840,4000,1.5,0,0,5,1960,880,1912,0
493000.0,4,1.75,2030,18295,1.5,0,0,4,2030,0,1975,0
205000.0,3,1.0,960,7314,1.0,0,0,5,960,0,1960,0
525000.0,3,3.5,2876,5086,2.0,0,0,3,2360,516,2007,0
975000.0,4,2.5,4270,43386,1.0,0,0,3,2680,1590,1991,0
930000.0,4,2.5,2200,4000,2.0,0,0,5,1430,770,1908,0
587000.0,3,2.25,2370,217800,2.0,0,0,3,2370,0,1979,2014
225500.0,2,1.75,1590,11276,1.0,0,0,4,1590,0,1972,0
485000.0,3,2.5,2340,59058,1.0,0,0,3,2340,0,1985,0
503000.0,3,2.0,2590,108900,2.0,0,0,3,1980,610,1988,2000
289950.0,3,2.5,1960,3480,2.0,0,0,3,1960,0,2004,2003
250000.0,2,1.5,982,846,2.0,0,0,3,806,176,2006,0
165000.0,3,1.0,970,6600,1.0,0,0,3,970,0,1965,1993
550000.0,3,1.5,1900,5000,1.5,0,0,3,1640,260,1926,2003
546000.0,2,1.0,970,3400,1.0,0,0,3,970,0,1924,2011
199000.0,2,1.0,720,7200,1.0,0,0,5,720,0,1943,0
560000.0,4,2.5,2260,3713,2.0,0,0,3,2260,0,2003,0
550000.0,7,4.0,3440,8100,2.0,0,0,3,3440,0,1970,2014
450000.0,2,1.75,840,3340,1.0,0,0,3,700,140,1912,1994
410000.0,4,2.5,2560,4020,2.0,0,0,3,2560,0,2006,0
645000.0,4,2.5,2430,14400,1.0,0,0,5,1670,760,1963,0
402101.0,2,0.75,1020,1350,2.0,0,0,3,1020,0,2009,0
477000.0,3,1.75,1780,8085,1.0,0,0,3,1210,570,1976,0
700000.0,3,2.5,2490,23891,2.0,0,0,3,2490,0,1993,0
320000.0,3,2.5,2680,7757,2.0,0,0,3,2680,0,1990,2009
295000.0,2,1.0,1170,10621,1.0,0,0,3,1170,0,1963,2008
168000.0,2,1.5,1220,3568,1.5,0,0,4,1220,0,1976,1992
237000.0,3,1.0,1130,10650,1.0,0,0,3,1130,0,1954,2005
599000.0,3,1.75,1960,4788,1.0,0,0,4,1090,870,1920,0
925000.0,4,2.5,2190,7350,2.5,0,0,5,2190,0,1958,0
460000.0,3,2.0,2060,4437,1.0,0,0,3,1030,1030,1929,0
226500.0,3,1.75,1640,10762,1.0,0,0,3,1130,510,1988,2000
212000.0,2,1.5,1020,1525,2.0,0,0,3,1020,0,2004,2003
150000.0,3,1.0,820,7680,1.5,0,0,3,820,0,1910,2006
589000.0,3,1.0,1110,6000,1.5,0,0,5,1110,0,1932,2002
835000.0,2,2.0,2280,6815,1.0,0,0,3,2280,0,2002,0
491500.0,3,2.25,1470,4322,2.0,0,0,3,1470,0,1985,0
380000.0,3,2.25,1860,15559,2.0,0,0,4,1860,0,1963,0
568000.0,3,1.75,2050,3520,1.0,0,0,4,1070,980,1977,0
659000.0,4,2.0,2090,10800,1.0,0,0,4,2090,0,1951,1999
355000.0,2,2.25,930,747,2.0,0,0,3,630,300,2007,0
490000.0,2,1.0,1160,5000,1.0,0,0,4,1160,0,1937,0
325000.0,3,1.0,850,6906,1.0,0,0,3,850,0,1948,1994
550000.0,4,2.5,2700,5150,2.0,0,0,3,2700,0,2007,0
309000.0,3,2.5,1800,2700,2.0,0,0,3,1800,0,2011,0
330000.0,5,3.0,2100,7715,1.0,0,0,3,1250,850,2013,1923
225000.0,3,2.0,1700,11475,1.0,0,0,5,970,730,1945,0
399950.0,3,2.5,2570,10431,2.0,0,0,3,2570,0,1989,0
835000.0,4,2.0,1910,6960,1.5,0,0,5,1910,0,1941,0
250000.0,3,2.0,1440,9220,1.0,0,0,3,1440,0,1965,1993
452000.0,4,2.25,2590,10002,1.0,0,0,4,1340,1250,1968,0
245000.0,3,2.75,1300,14197,1.0,0,0,3,860,440,1996,0
599950.0,3,3.25,1830,1804,3.0,0,0,3,1830,0,2014,0
809950.0,4,2.5,3280,6181,2.0,0,0,3,3280,0,2001,0
413450.0,3,2.5,1540,1614,3.0,0,0,3,1470,70,2008,0
540000.0,3,1.75,1970,8200,1.0,0,0,5,1420,550,1963,0
890000.0,3,2.25,2060,8640,1.0,0,0,4,2060,0,1966,0
310000.0,2,1.0,700,3000,1.0,0,0,4,700,0,1918,1974
520000.0,4,3.5,2680,10000,2.0,0,0,3,2040,640,1942,2014
360000.0,3,1.75,1500,7200,1.0,0,0,3,1500,0,1957,2000
560000.0,4,2.5,2710,6583,2.0,0,0,3,2710,0,2003,0
550000.0,3,1.75,1380,3402,1.5,0,0,3,1380,0,1900,2000
265000.0,3,1.0,1020,8610,1.0,0,0,5,1020,0,1959,0
279000.0,5,2.5,2690,5557,2.0,0,0,3,2690,0,2012,1912
110000.0,3,1.0,1250,53143,1.0,0,0,5,1250,0,1945,0
681965.7813,4,2.5,2683,40386,2.0,0,0,4,2683,0,1987,0
510000.0,3,1.75,2170,26460,1.0,0,0,3,1450,720,1986,0
641000.0,3,1.75,1620,3975,1.0,0,0,5,940,680,1926,0
563000.0,4,3.0,3100,15480,2.0,0,0,3,2400,700,1996,0
502000.0,3,2.0,1300,14350,1.0,0,0,3,1300,0,1955,2013
435000.0,2,1.0,1230,3800,1.0,0,0,3,1230,0,1928,1954
450000.0,3,2.0,1430,3480,1.0,0,0,3,980,450,1947,2012
425000.0,3,2.25,1870,9000,1.0,0,0,3,1440,430,1978,0
395000.0,3,2.5,2250,3757,2.0,0,0,3,2250,0,2006,0
406062.5,2,1.0,1290,4650,1.0,0,0,4,1290,0,1906,1990
641633.3333,3,2.5,2480,5137,2.0,0,0,3,2480,0,2000,0
412000.0,3,1.75,1950,52256,1.0,0,0,4,1950,0,1985,0
440000.0,4,2.5,2560,10400,1.0,0,0,4,1280,1280,1965,0
610000.0,3,2.5,2630,5827,2.0,0,0,3,2630,0,2001,0
560000.0,3,1.0,1440,5000,2.0,0,0,3,1440,0,1910,2006
410000.0,4,1.75,1790,11875,1.0,0,0,4,1490,300,1969,0
475000.0,2,1.75,1490,224334,1.0,0,2,3,1490,0,1983,2009
480000.0,4,2.75,2050,3960,1.0,0,0,4,1180,870,1986,0
470000.0,3,1.5,1760,6723,1.0,0,0,3,1160,600,1958,2004
905000.0,5,3.5,3100,10200,1.0,0,4,3,1660,1440,1970,2014
340000.0,3,2.5,2480,6112,2.0,0,0,3,2480,0,2004,2003
445000.0,4,2.0,1650,6000,1.0,0,0,5,1000,650,1959,0
405000.0,2,2.0,1405,1073,2.0,0,0,3,1140,265,2007,0
0.0,4,2.25,2170,10500,1.0,0,2,4,1270,900,1960,2001
749000.0,3,2.5,2670,10338,2.0,0,0,3,2670,0,1987,2000
329350.0,2,1.0,720,6687,1.0,0,0,3,720,0,1942,1999
471000.0,4,2.5,3030,9687,2.0,0,0,3,2020,1010,1998,2006
725000.0,6,1.75,2380,4080,2.0,0,0,3,2380,0,1917,2009
869000.0,5,3.25,4180,49222,2.0,0,0,4,2880,1300,1979,0
228000.0,4,1.75,2000,6120,1.0,0,0,3,1100,900,1965,1993
306000.0,2,1.0,780,13500,1.0,0,0,4,780,0,1946,1989
263000.0,3,1.75,1580,9187,1.0,0,0,3,1180,400,1993,0
750000.0,4,3.25,2050,5000,2.0,0,0,4,1370,680,1987,0
851000.0,3,2.5,3560,107290,2.0,0,0,3,3560,0,1987,2000
214750.0,3,1.5,1090,8160,1.0,0,0,3,1090,0,1967,2014
744000.0,4,3.0,1980,5352,2.5,0,0,3,1980,0,1941,2005
400000.0,3,2.5,1495,936,3.0,0,0,3,1405,90,2006,0
282508.8889,3,1.0,1560,7552,1.0,0,0,4,910,650,1948,0
425000.0,2,2.5,1150,1027,3.0,0,0,3,1150,0,2008,0
480000.0,5,4.75,3830,35000,1.0,0,0,3,2130,1700,1976,0
775000.0,3,2.75,2850,14800,1.0,0,0,4,1920,930,1976,1992
2560498.333,3,2.5,1710,1664,2.0,0,0,5,1300,410,2003,0
794154.0,4,2.0,2210,8556,1.0,0,1,4,1210,1000,1954,1979
405000.0,3,2.0,1640,7201,1.0,0,0,3,1640,0,1948,1994
625000.0,4,2.75,1680,11180,1.0,0,0,4,1680,0,1966,0
329950.0,3,2.5,2456,7566,2.0,0,0,3,2456,0,2012,1912
520000.0,3,3.25,1540,1487,2.0,0,0,3,1540,0,2011,0
775000.0,4,3.25,4100,241322,2.0,0,0,3,2500,1600,1981,2013
263000.0,3,2.25,1590,7748,2.0,0,0,4,1590,0,1991,0
365000.0,3,2.5,2640,6715,2.0,0,0,3,1680,960,1991,0
132500.0,3,1.0,1080,10500,1.0,0,0,3,1080,0,1967,2011
269187.5,3,1.75,1590,27200,1.5,0,0,4,1590,0,1926,1993
290256.0,3,2.25,1720,7885,2.0,0,0,3,1720,0,1983,2009
515000.0,5,3.25,2740,9629,1.0,0,0,5,1390,1350,1977,0
1212500.0,4,3.5,4560,16643,1.0,0,3,3,2230,2330,1995,0
365000.0,3,1.0,1090,6435,1.0,0,0,4,1090,0,1955,2009
690000.0,3,2.0,1610,5100,1.5,0,0,5,1610,0,1940,0
785000.0,3,2.0,2180,5440,1.0,0,0,5,1100,1080,1904,0
788000.0,4,3.25,3680,5759,2.0,0,0,3,2840,840,2003,0
430000.0,3,2.0,1550,6039,1.0,0,0,5,830,720,1942,0
505000.0,3,2.5,2100,5824,2.0,0,2,3,2100,0,1999,0
930000.0,5,2.0,3530,9385,1.5,0,0,3,3530,0,1925,2002
334500.0,2,1.5,830,1858,2.0,0,0,3,830,0,2005,0
360000.0,4,2.0,2680,18768,1.0,0,0,5,2680,0,1965,0
370000.0,4,2.75,3150,67518,1.0,0,0,4,2250,900,1965,0
557000.0,4,2.5,2840,4500,2.0,0,0,3,2840,0,2012,1912
308000.0,3,1.0,1010,8800,1.0,0,0,4,1010,0,1954,1979
315000.0,3,2.5,1880,7000,2.0,0,0,3,1880,0,1993,0
280000.0,3,3.0,3910,19023,2.0,0,0,3,3910,0,1985,0
820000.0,3,2.25,2880,9750,2.0,0,0,3,2880,0,1989,0
289373.3077,3,2.5,2538,4600,2.0,0,0,3,2538,0,2013,1923
669950.0,4,2.5,2670,11877,2.0,0,0,3,2670,0,1996,0
470000.0,3,2.0,1800,12669,1.0,0,0,3,1800,0,1956,1990
440000.0,4,2.75,2340,11034,1.0,0,0,3,1720,620,1967,2011
821000.0,3,2.75,2760,8476,1.0,0,0,4,1690,1070,1967,0
352450.0,3,2.0,1430,6000,1.0,0,0,5,1430,0,1945,0
530000.0,2,2.0,1680,4950,1.0,0,0,3,1680,0,2006,0
840000.0,4,2.75,3040,2800,2.0,0,0,3,2100,940,1906,2014
525000.0,5,2.75,2880,8364,2.0,0,0,3,2880,0,2006,0
195000.0,5,3.75,5340,10655,2.5,0,3,4,3740,1600,1912,1989
765000.0,4,3.0,4410,5104,2.0,0,0,3,3400,1010,2006,0
740000.0,5,5.0,5774,31675,1.0,0,2,3,4490,1284,1984,0
0.0,4,1.0,1360,13372,1.0,0,0,3,1360,0,1955,2005
615000.0,2,1.0,1540,6872,1.0,0,0,4,820,720,1946,1989
550000.0,3,2.25,1720,9600,1.0,0,0,4,1220,500,1967,0
475000.0,3,2.25,1820,8008,1.0,0,0,3,1240,580,1981,2013
438000.0,3,1.75,1650,12940,1.0,0,0,4,1650,0,1961,2001
312000.0,4,2.25,1930,7452,1.0,0,0,3,1430,500,1984,0
599990.0,3,2.25,2680,9162,1.0,0,0,3,1570,1110,1978,0
499000.0,4,2.5,2910,6479,2.0,0,0,3,2910,0,2006,0
830000.0,4,2.5,3400,9692,2.0,0,0,3,3400,0,2007,0
625000.0,3,1.75,2210,16200,1.0,0,0,3,1390,820,1958,2004
1525000.0,4,3.25,3620,5131,2.0,0,3,4,2350,1270,1927,0
300000.0,4,2.5,2200,8065,2.0,0,0,3,2200,0,1998,2006
310000.0,3,2.5,1780,6771,1.0,0,0,3,1230,550,1990,2009
447000.0,2,1.0,1320,8380,1.0,0,0,3,1320,0,1953,0
620000.0,3,2.5,2590,7237,2.0,0,0,3,2590,0,2004,2003
499500.0,3,2.5,2970,21907,2.0,0,0,3,2970,0,1998,2006
540000.0,4,2.25,1330,8400,1.5,0,0,3,1330,0,1962,2003
580135.0,4,2.5,3150,5886,2.0,0,0,3,3150,0,2014,0
850830.0,3,2.5,2070,13241,1.5,0,0,5,1270,800,1910,0
2384000.0,5,2.5,3650,9050,2.0,0,4,5,3370,280,1921,0
371500.0,3,1.0,1650,6400,1.0,0,0,4,980,670,1954,1979
464600.0,2,1.0,840,3400,1.0,0,2,4,840,0,1924,0
1300000.0,6,4.5,3902,3880,3.0,0,4,4,2782,1120,1977,0
815000.0,4,2.75,2620,4743,1.0,0,2,4,1310,1310,1949,1985
712000.0,3,2.5,2375,4094,2.0,0,0,3,2375,0,2002,0
286800.0,3,2.5,1413,3600,2.0,0,0,3,1413,0,2011,0
359000.0,3,1.5,1550,4980,1.0,0,0,3,1080,470,1978,0
600000.0,4,2.5,2360,5226,2.0,0,0,3,2360,0,2001,0
440000.0,3,1.75,1560,7207,1.0,0,0,3,1250,310,1983,2009
975000.0,4,2.5,3490,7494,2.0,0,3,3,3490,0,2000,0
440150.0,2,1.0,1110,6800,1.0,0,0,5,1000,110,1947,0
1230000.0,3,1.75,2200,14630,1.5,0,1,3,2200,0,1948,2003
325187.5,3,1.75,2000,7560,1.0,0,0,4,1300,700,1968,0
395000.0,2,1.0,1320,1824,1.5,0,0,4,1320,0,1909,1989
435000.0,2,1.0,1060,3036,1.5,0,0,4,1060,0,1943,0
385000.0,3,1.75,1900,5520,1.0,0,0,3,1280,620,1982,0
312000.0,3,2.25,1490,974,2.0,0,0,3,1220,270,2009,0
530000.0,3,2.5,3660,39478,2.0,0,2,4,3260,400,1989,0
0.0,4,4.5,5030,11023,2.0,0,2,3,3250,1780,2008,0
253500.0,2,1.0,810,4800,1.0,0,0,3,810,0,1948,1994
989000.0,5,4.5,4030,13474,2.0,0,0,3,4030,0,2000,0
505000.0,3,2.25,1670,1596,2.0,0,0,3,1220,450,2002,0
230000.0,4,1.75,1850,6000,1.0,0,0,4,1270,580,1944,0
3100000.0,6,4.25,6980,15682,3.0,0,4,4,5330,1650,1999,0
107500.0,4,1.5,1590,131551,1.0,0,3,4,1590,0,1966,0
291000.0,3,1.75,1560,9788,1.0,0,0,3,1560,0,1964,2000
800000.0,3,2.25,2380,11824,1.0,0,0,4,1450,930,1972,0
234975.0,4,2.75,2520,14021,2.0,0,0,3,2520,0,1999,0
399000.0,4,2.5,2870,9292,2.0,0,0,3,2540,330,1979,2014
700000.0,3,2.5,2050,4185,2.0,0,0,3,2050,0,2011,0
1110000.0,4,1.5,2310,13300,1.0,0,0,3,1890,420,1950,2005
783500.0,3,2.5,2850,7130,2.0,0,0,3,1990,860,1980,0
270000.0,3,2.5,1670,8364,1.0,0,0,4,1300,370,1990,0
256750.0,3,2.5,1990,8991,1.0,0,0,3,1570,420,1969,2010
254000.0,3,2.5,1850,4597,2.0,0,0,3,1850,0,2003,0
225000.0,4,1.5,1950,12559,1.5,0,0,3,1950,0,1939,1969
295832.0,5,1.0,1410,6400,1.0,0,0,5,960,450,1955,0
229629.5,2,1.0,770,8149,1.0,0,0,3,770,0,1948,1994
1080000.0,4,3.5,3990,5267,2.0,0,0,3,3990,0,2008,0
385000.0,4,1.75,1690,4080,1.0,0,0,4,870,820,1984,0
219500.0,3,1.0,1090,6710,1.5,0,0,5,1090,0,1912,0
337945.75,2,1.0,940,9839,1.0,0,0,3,940,0,1910,2006
268971.875,4,2.5,1860,6687,1.0,0,0,4,1220,640,1983,0
519000.0,4,2.5,1950,2617,1.5,0,0,4,1250,700,1910,0
345100.0,3,3.75,1950,8625,1.0,0,0,3,1360,590,1959,1989
941500.0,5,3.5,3490,9680,2.0,0,4,3,2460,1030,1980,0
850000.0,3,2.5,3230,5000,2.0,0,2,5,2430,800,1945,0
735000.0,3,2.5,2390,9157,2.0,0,0,3,2390,0,1984,0
565000.0,3,2.5,2500,7394,2.0,0,0,3,2500,0,1990,2009
566000.0,4,1.75,2440,5000,1.0,0,0,3,1340,1100,1954,2005
739888.0,3,2.5,2420,43177,2.0,0,4,4,1690,730,1989,0
840000.0,4,2.75,2600,2750,1.5,0,0,3,1620,980,1936,0
230000.0,3,1.0,1390,16000,1.0,0,0,4,1390,0,1960,2001
155000.0,3,1.0,1250,6250,1.0,0,0,2,1030,220,1949,0
194000.0,3,1.0,1050,7577,1.0,0,0,3,1050,0,1983,2009
725000.0,4,2.75,2420,10962,1.0,0,0,3,1530,890,1977,2004
0.0,5,3.5,3480,36615,2.0,0,0,4,2490,990,1983,0
350000.0,4,1.75,2250,13515,1.0,0,0,4,2150,100,1940,2001
1240000.0,5,4.0,4410,14380,2.0,0,0,3,4410,0,2006,0
433000.0,3,1.75,1870,7189,1.0,0,0,3,1270,600,1959,1989
0.0,3,2.75,1310,7300,1.0,0,0,3,1310,0,1957,2000
290000.0,3,2.5,2080,4828,2.0,0,0,3,2080,0,2002,0
189650.0,2,1.75,1100,7600,1.0,0,0,3,1100,0,1980,0
675000.0,4,2.5,3000,5548,2.0,0,0,3,3000,0,2006,0
156000.0,3,1.0,970,8580,1.0,0,0,3,970,0,1959,1989
2458000.0,4,5.25,6500,14986,2.0,0,0,3,5180,1320,2001,0
790000.0,4,2.5,2310,5100,2.0,0,0,3,2310,0,2013,1923
215000.0,2,1.0,710,7200,1.0,0,0,3,710,0,1943,2002
691000.0,4,2.75,2550,8632,1.0,0,0,3,1700,850,1972,2002
471001.0,3,1.75,1800,6000,1.0,0,0,5,900,900,1905,0
135333.3333,4,1.0,1530,7200,1.5,0,0,3,1400,130,1948,1994
550000.0,3,3.5,2490,3582,2.0,0,0,3,1720,770,2005,0
360000.0,3,2.0,1270,1323,3.0,0,0,3,1270,0,2006,0
605000.0,3,2.0,2060,4040,1.0,0,0,4,1120,940,1947,1988
490000.0,3,2.0,1450,2400,1.5,0,0,3,1450,0,1900,2003
239900.0,4,2.25,1860,7000,1.0,0,0,3,1120,740,1979,2014
410000.0,1,1.5,1010,5750,1.0,0,0,3,1010,0,1911,1948
165000.0,3,1.0,1150,19200,1.0,0,0,4,1150,0,1908,0
657000.0,4,2.5,2180,3375,1.5,0,0,4,1420,760,1926,1993
268971.875,4,2.5,2380,7066,2.0,0,0,4,2380,0,1997,0
535000.0,3,2.5,1360,1016,3.0,0,0,3,1310,50,2003,0
760000.0,4,2.5,3330,7399,2.0,0,0,3,3330,0,2009,0
920000.0,4,3.5,4080,10666,2.0,0,0,3,4080,0,2005,0
440000.0,3,1.5,1270,1413,3.0,0,0,3,1270,0,2007,0
410000.0,3,2.25,1800,36704,1.0,0,0,4,1360,440,1978,2000
557500.0,3,2.25,1820,9670,2.0,0,0,3,1820,0,1984,0
399950.0,2,1.0,710,1131,2.0,0,0,4,710,0,1943,0
750000.0,3,1.75,2240,10578,2.0,0,0,5,1550,690,1923,0
531500.0,4,2.75,3110,49765,1.0,0,0,4,3110,0,1958,1972
515000.0,2,1.0,1050,5000,1.0,0,0,5,1050,0,1907,0
529000.0,3,1.0,1590,6420,1.0,0,0,3,1590,0,1944,0
385000.0,3,1.5,1490,9630,1.0,0,0,4,1490,0,1959,0
472500.0,3,2.0,1750,15500,1.0,0,0,3,1490,260,1982,0
957000.0,5,3.25,3160,5000,2.0,0,2,3,2180,980,2005,0
246000.0,3,1.5,1780,23819,1.0,0,0,3,1780,0,1953,0
490000.0,3,2.5,2230,5348,2.0,0,0,3,2230,0,2000,0
519000.0,3,2.75,2020,10744,1.0,0,0,5,1270,750,1954,0
524950.0,3,1.75,1890,3825,1.0,0,0,3,1290,600,1974,0
225000.0,3,1.75,1580,8820,1.0,0,0,4,1580,0,1967,0
840000.0,3,2.0,2783,11177,2.0,0,0,3,2783,0,1910,1999
575000.0,4,2.5,2400,6137,2.0,0,0,3,2400,0,1990,2009
315275.0,3,1.75,1440,8040,1.0,0,0,3,960,480,1951,1994
585000.0,5,1.75,2000,3750,2.0,0,0,4,2000,0,1921,0
535000.0,3,2.5,1720,4006,2.0,0,0,3,1720,0,1994,0
346500.0,2,1.75,1610,6300,1.0,0,0,3,1010,600,1941,1994
580000.0,4,2.5,2130,35752,1.0,0,0,3,1490,640,1980,0
171000.0,4,2.0,1520,19672,1.0,0,0,3,1020,500,1920,1979
475000.0,4,2.75,1980,11443,1.0,0,0,5,1980,0,1952,1998
485000.0,2,2.25,1260,1240,3.0,0,0,3,1260,0,2004,2003
416904.1667,3,2.5,3010,7014,2.0,0,0,3,3010,0,2009,0
499990.0,4,2.75,2910,6334,2.0,0,0,3,2910,0,2013,1923
540000.0,5,3.0,3610,9775,2.0,0,0,3,3610,0,2003,0
594000.0,4,1.75,1870,5200,2.0,0,0,4,1200,670,1937,0
575000.0,4,1.75,1280,6060,1.0,0,0,3,860,420,1926,2003
1010000.0,2,2.0,1460,9052,1.0,0,2,5,1460,0,1900,0
405000.0,4,2.5,2220,4652,2.0,0,0,3,2220,0,2001,0
250000.0,3,1.0,1230,10350,1.0,0,0,4,1230,0,1957,2001
176225.0,3,2.0,1570,7200,1.0,0,0,4,1570,0,1952,0
740000.0,4,2.5,3430,10157,2.0,0,0,3,3430,0,2000,0
773000.0,3,2.75,2470,3600,2.0,0,0,3,2470,0,2007,0
475000.0,3,2.25,1630,2520,2.0,0,0,3,1630,0,2005,0
749000.0,3,1.0,1580,5000,1.5,0,0,3,1580,0,1926,2003
290000.0,3,1.0,1440,11250,1.0,0,0,3,1440,0,1967,2011
435000.0,4,1.0,1450,8800,1.0,0,0,4,1450,0,1954,1979
650000.0,5,1.75,1260,4500,1.5,0,0,3,1260,0,1926,2003
386591.0,3,2.5,1690,1613,2.0,0,0,3,1150,540,2014,0
850000.0,3,2.0,2470,8800,2.0,0,0,3,2470,0,1961,2004
307000.0,3,1.0,1370,7500,1.0,0,0,3,1370,0,1960,2012
300000.0,3,1.0,2150,7007,1.0,0,0,3,2150,0,1954,2005
445000.0,4,2.0,1470,8395,1.0,0,0,4,1470,0,1965,0
895000.0,5,2.5,2550,20875,1.0,0,0,4,1610,940,1953,1983
599000.0,5,2.75,2730,22572,1.0,0,0,3,2080,650,1968,1992
799950.0,4,3.5,4220,196817,2.0,0,0,3,4220,0,1993,0
876650.0,3,3.25,2170,12508,1.5,0,0,5,1650,520,1928,1970
1411600.0,2,2.5,3180,9400,2.0,0,4,5,2610,570,1985,0
80000.0,1,0.75,430,5050,1.0,0,0,2,430,0,1912,0
313000.0,3,1.75,2190,8000,1.0,0,0,4,2190,0,1967,0
315000.0,2,1.0,790,6969,1.0,0,0,3,790,0,1955,1984
455000.0,3,1.0,1300,3550,1.5,0,0,3,1300,0,1927,2011
535000.0,3,2.5,2210,7620,2.0,0,0,3,2210,0,1994,0
235000.0,3,1.75,1840,9697,1.0,0,0,4,1500,340,1985,0
475000.0,4,2.5,3740,8700,1.0,0,0,3,2260,1480,2004,2003
925000.0,3,2.5,2690,7000,2.0,0,0,5,1840,850,1943,0
260000.0,4,2.5,1990,6671,2.0,0,0,3,1990,0,1989,0
175000.0,2,1.0,1020,5130,1.0,0,0,4,1020,0,1948,0
890000.0,4,2.75,2310,4020,3.0,0,0,5,2310,0,1979,0
345000.0,3,1.75,1090,7200,1.0,0,0,3,1090,0,1968,1997
490000.0,4,3.0,2330,3497,2.0,0,0,3,1920,410,2003,0
397500.0,3,2.0,1510,6710,1.0,0,0,3,1070,440,1972,2002
344950.0,4,2.0,2330,6250,1.0,0,0,4,1400,930,1941,1998
376000.0,2,1.0,1150,4000,1.0,0,0,3,1150,0,1947,2012
715000.0,4,2.25,2060,5649,1.0,0,0,5,1360,700,1941,0
1688000.0,4,2.5,3000,7500,2.0,0,0,3,3000,0,1937,1994
775000.0,4,2.75,3010,15992,2.0,0,0,3,3010,0,1996,0
252500.0,3,1.0,1030,6127,1.0,0,0,3,880,150,1947,2012
3800000.0,5,5.5,7050,42840,1.0,0,2,4,4320,2730,1978,2000
625000.0,3,2.5,2410,64073,1.0,0,0,4,1820,590,1976,1992
1054690.0,4,3.5,3390,3979,2.0,0,0,3,2610,780,2014,0
320000.0,3,1.75,1370,9900,1.0,0,0,4,1370,0,1983,0
410000.0,3,2.0,1320,6000,1.5,0,0,4,1320,0,1920,0
839000.0,3,2.5,3200,203425,1.0,0,0,3,3200,0,2000,0
1965221.0,4,3.5,4370,8510,2.0,0,1,3,3610,760,2003,0
266500.0,4,1.75,1880,7632,1.0,0,0,4,1180,700,1978,2000
465425.0,4,2.75,2430,20720,1.0,0,0,3,2430,0,1967,2011
547000.0,3,2.5,1480,8381,1.0,0,0,4,1480,0,1968,0
440000.0,3,1.75,1500,6180,1.0,0,0,4,1060,440,1947,1988
550000.0,5,2.0,2450,9488,1.0,0,0,4,1240,1210,1900,1955
324500.0,3,2.5,1660,3990,2.0,0,0,3,1660,0,2009,0
90000.0,2,1.0,790,2640,1.0,0,0,3,790,0,1973,2013
743000.0,3,1.75,2110,11250,1.0,0,0,4,2110,0,1961,2001
471000.0,4,2.5,2330,9928,2.0,0,0,3,2330,0,1998,2006
1280000.0,4,2.5,3160,4620,1.5,0,4,3,2020,1140,1917,2005
825000.0,4,2.75,3990,6637,2.0,0,0,3,3990,0,2003,0
535000.0,4,2.75,3070,7201,2.0,0,0,3,3070,0,2006,0
260000.0,3,2.5,1420,14850,1.0,0,0,4,1020,400,1963,0
220000.0,4,2.5,2240,9826,1.0,0,0,4,1370,870,1988,0
199000.0,4,2.0,2030,8120,2.0,0,0,3,2030,0,1950,2005
374500.0,3,2.25,1400,11400,2.0,0,0,3,1400,0,1984,0
300000.0,3,2.0,1510,7066,1.0,0,2,3,1230,280,1973,2013
525000.0,5,3.0,2450,4591,2.0,0,0,3,2450,0,1994,0
630000.0,3,1.75,1710,8767,1.0,0,0,4,1710,0,1986,0
200000.0,3,2.0,1190,6833,1.0,0,0,3,1190,0,1995,0
690000.0,4,2.5,2700,8810,2.0,0,0,3,2700,0,2004,2003
235000.0,1,1.5,1170,1456,2.0,0,0,3,1070,100,2007,0
202000.0,1,1.0,590,833,1.0,0,0,4,590,0,1926,1993
827000.0,4,2.5,3230,12100,1.0,0,0,3,1870,1360,1977,2004
592500.0,4,3.0,2170,8240,1.0,0,0,4,1370,800,1968,0
432500.0,3,2.5,2240,6396,2.0,0,0,3,2240,0,2002,0
375000.0,4,2.5,2040,109336,1.5,0,0,4,2040,0,1973,0
414000.0,3,2.5,2490,4540,2.5,0,0,3,2490,0,2012,1912
450000.0,3,1.75,1610,11200,1.0,0,0,3,1610,0,1955,2005
465500.0,3,1.75,1890,7004,1.0,0,0,3,1290,600,1965,1993
510000.0,4,2.5,2610,8031,2.0,0,0,3,2610,0,1998,2006
492500.0,5,2.5,2570,9962,2.0,0,0,3,2570,0,2006,0
620000.0,2,1.0,1430,3000,1.5,0,0,3,1300,130,1929,0
1225000.0,4,2.5,2740,16007,2.0,0,0,3,2740,0,1984,0
480000.0,3,2.5,1250,1103,3.0,0,2,3,1250,0,2005,0
645000.0,4,2.5,2690,18653,2.0,0,0,3,2690,0,1985,0
498000.0,2,2.0,1140,8282,1.0,0,0,3,1140,0,1924,2009
358000.0,3,1.5,1810,100188,1.0,0,0,5,1810,0,1969,0
675000.0,3,3.5,2300,5611,1.0,0,0,3,2300,0,2004,2003
1115000.0,4,2.5,3180,31931,1.0,0,0,4,2390,790,1978,2000
410000.0,3,1.0,1410,5060,1.0,0,0,4,910,500,1956,0
250000.0,4,2.0,2120,8701,1.5,0,0,4,2120,0,1960,2001
350000.0,4,2.5,2040,22653,2.0,0,0,3,2040,0,2011,0
260000.0,3,2.0,1630,8018,1.0,0,0,3,1630,0,2003,0
625000.0,3,1.75,3160,76230,1.0,0,0,4,2160,1000,1978,2000
213000.0,4,1.75,1980,9000,1.0,0,0,2,1480,500,1978,0
397990.0,3,1.0,1180,11862,1.0,0,0,4,1180,0,1948,0
329950.0,2,1.0,900,5220,1.0,0,0,4,900,0,1956,0
399950.0,2,1.0,710,1157,2.0,0,0,4,710,0,1943,0
599000.0,3,2.0,2560,14680,1.0,0,0,3,1330,1230,1987,2000
480000.0,4,2.25,3250,34293,2.0,0,0,4,3250,0,1983,0
725000.0,3,2.5,2610,7510,2.0,0,0,3,2610,0,1996,0
200000.0,3,1.0,1050,5000,1.0,0,0,4,1050,0,1967,0
239950.0,5,1.0,1460,6032,2.0,0,0,4,1460,0,1941,1998
550000.0,3,2.0,1810,4064,1.5,0,0,3,1810,0,1925,2002
440000.0,2,1.0,800,4850,1.0,0,0,4,800,0,1944,0
536000.0,3,1.75,1300,5413,1.5,0,0,3,1300,0,1925,1992
368000.0,2,1.5,1660,4680,1.0,0,0,5,830,830,1908,0
1145000.0,3,2.5,2490,4000,2.0,0,0,5,1670,820,1918,0
432000.0,3,2.75,2200,14925,1.0,0,0,3,1100,1100,1982,0
464600.0,3,1.75,1120,5500,1.5,0,0,4,1120,0,1925,1968
510000.0,3,1.75,1600,19200,1.0,0,0,4,1600,0,1967,0
287200.0,3,3.0,1850,19966,1.0,0,0,4,1090,760,1992,0
396675.0,2,1.0,1730,6375,2.0,0,0,4,1730,0,1945,0
300000.0,3,1.0,2120,7735,1.0,0,0,4,1060,1060,1967,0
270000.0,2,1.0,1780,81021,1.0,0,3,4,1780,0,1954,1979
450800.0,4,3.25,2510,5311,2.0,0,0,3,2510,0,2009,0
400000.0,5,2.0,1930,9747,1.0,0,0,4,1020,910,1962,0
750000.0,3,2.5,2390,6550,1.0,0,2,4,1440,950,1955,2009
277000.0,4,1.0,1450,6250,1.0,0,0,3,990,460,1964,2000
1229000.0,4,3.5,3770,37034,2.0,0,0,3,2830,940,1989,0
390000.0,3,1.75,1260,6500,1.0,0,0,4,1260,0,1966,0
1655000.0,4,3.5,3080,4815,2.0,0,3,3,2300,780,1937,2009
405500.0,2,2.75,1350,1252,2.0,0,0,3,1120,230,2006,0
725000.0,3,1.75,1610,8613,1.0,0,0,5,1610,0,1962,0
537500.0,4,3.0,2920,33976,1.0,0,3,5,1460,1460,1964,0
395000.0,2,2.25,1350,1493,2.0,0,0,3,1050,300,2007,0
402000.0,3,1.5,1450,7375,1.0,0,0,3,1010,440,1968,1997
224000.0,4,1.5,1600,9289,1.0,0,0,4,1600,0,1959,0
735000.0,4,3.0,2840,4120,1.5,0,0,4,2060,780,1931,0
665000.0,3,2.75,1800,9550,1.0,0,0,4,1320,480,1966,0
345000.0,2,1.5,1180,844,2.0,0,0,3,990,190,2005,0
620000.0,4,2.25,2400,5350,1.5,0,0,4,1460,940,1929,0
350000.0,3,2.5,2010,14298,2.0,0,0,3,2010,0,1977,2004
243000.0,2,1.5,1068,1758,2.0,0,0,3,1068,0,1990,2009
1300000.0,4,4.0,4270,6002,2.0,0,3,3,3180,1090,2004,2003
296500.0,3,2.75,2170,7900,1.0,0,0,4,1380,790,1978,2000
914500.0,4,2.5,3950,10856,3.0,0,0,3,3950,0,2013,1923
488000.0,5,2.0,2020,5000,1.5,0,0,4,2020,0,1938,0
342000.0,3,2.0,1930,11947,1.0,0,0,4,1930,0,1966,0
279000.0,3,2.5,1630,7950,1.0,0,0,3,1320,310,1985,0
1900000.0,4,3.25,4130,112521,2.0,0,0,3,4130,0,1978,0
410000.0,3,2.0,1700,4250,1.0,0,0,3,890,810,1944,0
242000.0,3,2.0,1260,8092,1.0,0,0,3,1260,0,1986,0
380000.0,4,2.5,2540,6365,2.0,0,0,3,1870,670,2000,0
320000.0,3,1.75,2220,11646,1.0,0,0,3,1270,950,1950,2005
395000.0,4,2.5,2910,5000,2.0,0,0,3,2910,0,2002,0
390000.0,3,2.0,1080,7236,1.0,0,0,5,1080,0,1947,0
742000.0,3,3.25,1540,704,3.0,0,0,3,1540,0,2011,0
305000.0,2,2.5,1590,2656,2.0,0,0,3,1220,370,2009,0
672000.0,3,2.5,2620,21587,2.0,0,0,3,2620,0,1992,0
264950.0,4,1.75,1770,9011,1.0,0,0,5,1050,720,1983,0
165000.0,3,1.0,1200,13100,1.0,0,0,3,1200,0,1943,2002
284000.0,3,1.75,1800,23103,1.0,0,0,3,1800,0,1968,1997
475000.0,3,2.5,2600,7210,2.0,0,0,3,2600,0,1989,0
2005000.0,6,4.5,3810,28176,1.0,0,4,5,3810,0,1969,0
850000.0,3,2.5,2650,2387,2.0,0,0,3,1830,820,1920,1979
235000.0,2,1.5,880,1805,2.0,0,0,3,880,0,1999,0
825000.0,4,3.5,3810,9792,2.0,0,0,3,3810,0,1938,2013
560000.0,4,2.5,2480,16360,1.0,0,0,5,1510,970,1959,0
402500.0,2,1.0,800,2280,1.0,0,0,5,800,0,1946,0
522500.0,3,2.5,2370,7875,2.0,0,0,3,2370,0,2003,0
439333.3333,3,3.5,3020,4082,2.0,0,0,3,2080,940,1954,2004
313000.0,3,1.75,1320,6205,1.0,0,0,5,1320,0,1948,1985
475000.0,4,2.5,3060,10043,1.0,0,0,4,1700,1360,1968,0
328211.9048,4,2.5,1720,9600,1.0,0,0,3,1120,600,1961,2004
190000.0,3,2.25,1590,11745,1.0,0,0,3,1090,500,1978,0
385000.0,3,1.0,1220,4800,1.0,0,0,3,1220,0,1901,0
340000.0,3,1.75,1960,8136,1.0,0,0,3,980,980,1948,1994
523950.0,3,2.25,1420,1282,3.0,0,0,3,1420,0,2006,0
371500.0,3,2.0,1370,8336,1.0,0,0,5,1370,0,1964,0
540000.0,3,1.0,1050,4160,1.0,0,0,4,1050,0,1925,1968
405000.0,3,1.75,2470,9620,1.0,0,1,4,1570,900,1962,0
672500.0,3,2.25,2400,5300,1.5,0,0,4,1250,1150,1939,1989
312000.0,3,1.5,1255,1374,3.0,0,0,3,1255,0,2004,2003
465000.0,6,3.25,4250,23326,1.0,0,3,3,2150,2100,1967,2011
605000.0,2,1.0,910,3600,1.0,0,0,4,910,0,1909,1989
562500.0,3,2.25,1300,907,2.0,0,0,3,1000,300,2006,0
725000.0,4,2.5,2650,18295,2.0,0,0,3,2650,0,1986,0
1350000.0,4,3.25,3300,15907,2.0,0,0,5,3300,0,1985,0
500000.0,4,3.0,3720,15048,3.0,0,0,3,3720,0,1979,2014
0.0,4,4.25,3500,8750,1.0,0,4,5,2140,1360,1951,0
310000.0,4,1.0,1740,11075,1.5,0,0,3,1740,0,1965,1993
570000.0,2,1.75,1540,4025,1.0,0,0,4,1190,350,1908,0
800000.0,4,2.5,2990,16809,2.0,0,0,3,2990,0,1990,2009
402500.0,4,2.5,2600,11951,2.0,0,0,3,2600,0,1988,2000
473000.0,2,1.0,900,5100,1.0,0,0,4,900,0,1909,1989
237227.8571,4,2.5,2068,7242,2.0,0,0,4,2068,0,1976,1992
800000.0,4,2.75,3150,7035,2.0,0,0,3,3150,0,2004,2003
1222500.0,4,3.5,4910,9444,1.5,0,0,3,3110,1800,2007,0
290000.0,4,2.5,2000,13300,1.0,0,0,4,1200,800,1968,0
480500.0,4,2.5,2180,11200,1.0,0,0,4,2180,0,1968,0
135333.3333,4,1.0,1200,7200,1.5,0,0,3,1200,0,1944,0
415000.0,3,2.25,1620,998,2.5,0,0,3,1540,80,2010,0
320000.0,4,2.5,2570,4865,2.0,0,0,3,2570,0,2005,0
435000.0,4,2.75,3270,50994,2.0,0,0,4,2720,550,1983,0
263400.0,4,2.0,1360,60548,1.0,0,0,3,960,400,1960,2012
657000.0,4,1.75,2740,8520,1.0,0,2,3,1370,1370,1954,2005
595000.0,4,2.5,1990,2175,2.0,0,0,3,1680,310,2005,0
837700.0,5,2.75,3010,12611,2.0,0,0,3,3010,0,1994,0
425000.0,3,1.5,1400,1022,3.0,0,0,3,1400,0,2007,0
569000.0,4,2.25,2250,41688,2.0,0,0,3,2250,0,1980,0
475000.0,4,2.75,2620,6178,2.0,0,0,3,2620,0,2013,1923
995000.0,4,4.5,3850,13551,2.0,0,2,3,3000,850,1998,2006
475000.0,2,1.0,820,2723,1.0,0,0,3,820,0,1921,2000
370000.0,2,1.0,1220,17172,1.0,0,0,4,1220,0,1947,1988
570000.0,3,2.0,1640,2808,1.0,0,3,4,820,820,1924,0
235000.0,3,2.0,1530,8700,1.0,0,0,4,1530,0,1970,0
630000.0,2,2.25,2550,5663,1.0,0,0,3,1720,830,2011,0
950000.0,4,2.5,3320,7644,2.0,0,0,3,3320,0,1995,0
350000.0,3,1.75,1680,250470,1.0,0,0,4,1070,610,1940,2001
310000.0,3,1.75,2070,37904,1.0,0,0,4,1420,650,1973,0
403000.0,3,2.75,2090,8354,2.0,0,0,3,2090,0,2012,1912
341000.0,3,1.5,1720,7119,1.5,0,0,4,1720,0,1952,0
650000.0,4,2.5,2840,9354,2.0,0,0,3,2840,0,1990,2009
760000.0,4,1.75,2450,13300,1.0,0,2,4,1630,820,1987,0
381500.0,2,1.0,900,2910,1.0,0,0,5,900,0,1924,1956
400000.0,3,2.5,2740,83199,2.0,0,4,3,2740,0,1973,2013
399950.0,3,1.5,2080,5244,1.0,0,0,3,1190,890,1959,1989
321500.0,1,1.0,730,1942,1.0,0,0,3,730,0,2008,0
355000.0,3,2.0,1220,1186,3.0,0,0,3,1220,0,2007,0
960000.0,4,3.0,4590,9150,2.0,0,0,3,3490,1100,1981,2013
340000.0,3,1.0,1600,7324,1.0,0,0,4,1600,0,1958,1972
246000.0,3,1.0,1400,7410,1.0,0,0,3,1400,0,1944,0
697000.0,4,2.75,3650,48351,1.5,0,0,4,3650,0,1978,2000
819900.0,5,2.75,3150,7119,2.0,0,0,3,3150,0,2013,1923
620000.0,4,2.5,2680,9185,2.0,0,0,3,2680,0,1989,0
1040000.0,4,3.5,3900,8391,2.0,0,0,3,3900,0,2006,0
547000.0,5,2.5,2200,4080,1.5,0,0,5,1420,780,1916,0
334990.0,4,2.5,2220,4228,2.0,0,0,3,2220,0,2014,0
326000.0,3,2.75,1720,28000,1.0,0,0,4,1720,0,1958,1972
180785.7143,2,1.0,2550,21675,1.0,0,1,4,1610,940,1958,1972
242500.0,3,1.5,1200,9720,1.0,0,0,4,1200,0,1965,0
455000.0,3,1.75,1180,14292,1.0,0,0,3,1180,0,1981,2013
367000.0,2,1.0,700,2334,1.0,0,0,3,700,0,1945,2010
439500.0,3,2.5,2050,40003,1.0,0,0,4,1570,480,1977,0
419000.0,2,1.75,1510,4980,1.0,0,0,3,1510,0,2006,0
530000.0,4,2.5,2050,6360,2.0,0,0,3,2050,0,1988,2000
403000.0,3,2.0,1960,13100,1.0,0,2,5,1650,310,1957,0
230000.0,3,1.75,950,6000,1.0,0,0,3,790,160,1939,1969
620000.0,3,2.0,2460,41343,1.0,0,0,4,2460,0,1988,0
345000.0,4,2.5,2331,3826,2.0,0,0,3,2331,0,2007,0
330000.0,4,2.5,2380,13550,2.0,0,0,3,2380,0,1999,0
482500.0,4,3.0,1630,7626,1.0,0,0,5,1110,520,1990,0
940000.0,4,2.75,2080,4000,1.5,0,0,3,2080,0,1912,2000
395000.0,4,1.0,1980,10350,1.0,0,0,4,1430,550,1968,0
314900.0,4,1.75,2700,27072,1.0,0,0,3,1380,1320,1958,2004
300000.0,2,1.0,970,13700,1.0,0,0,3,970,0,1949,1998
251750.0,3,2.0,1320,7200,1.0,0,0,5,1320,0,1975,0
320000.0,3,1.0,860,5060,1.5,0,0,3,860,0,1927,2011
269950.0,4,2.5,2540,8400,2.0,0,0,5,2540,0,1977,0
1150000.0,6,4.5,6040,219542,2.0,0,0,3,4100,1940,1996,0
433000.0,4,1.5,1550,5053,1.0,0,0,4,1180,370,1963,0
322500.0,3,2.0,1350,14200,1.0,0,0,3,1350,0,1989,0
820000.0,3,2.5,2510,5503,2.0,0,2,3,2510,0,1995,0
565000.0,4,2.25,2470,7447,2.0,0,0,3,2470,0,1984,0
249500.0,2,1.75,1500,8645,1.0,0,0,4,1500,0,1963,0
730000.0,4,2.5,3230,7331,2.0,0,0,3,3230,0,2004,2003
248000.0,4,2.5,1770,5855,2.0,0,0,3,1770,0,2003,0
460000.0,3,2.5,1730,8490,1.0,0,0,3,1210,520,1969,2010
421000.0,3,2.5,2890,21780,2.0,0,0,3,2890,0,2000,0
563500.0,4,1.75,2085,174240,1.0,0,0,3,1610,475,1964,2000
395300.0,3,1.5,1120,7000,1.0,0,0,3,1120,0,1955,2005
375000.0,3,1.5,1100,1751,2.0,0,0,3,940,160,2007,0
363000.0,4,2.5,3753,7204,2.0,0,0,3,3336,417,2008,0
160000.0,2,1.0,520,22334,1.0,0,0,2,520,0,1951,0
374000.0,2,1.5,1260,1575,2.0,0,0,3,1260,0,2001,0
618500.0,3,2.0,1800,5000,1.0,0,0,4,1080,720,1942,1982
546000.0,3,1.75,2000,5000,1.0,0,0,4,1110,890,1921,0
719000.0,3,2.5,1690,4500,1.5,0,1,4,1690,0,1928,0
839900.0,4,3.5,3810,13592,1.0,0,1,3,2560,1250,2013,1923
459500.0,3,1.75,1470,4950,1.0,0,0,3,1030,440,1984,0
257500.0,2,2.0,1180,9265,1.0,0,0,3,1180,0,1940,1996
400000.0,3,1.5,1200,4800,1.0,0,0,4,1200,0,1962,0
604000.0,4,2.5,2260,7753,2.0,0,0,3,2260,0,1989,0
185000.0,3,1.0,1150,8100,1.0,0,0,3,1150,0,1932,0
772000.0,3,2.25,1640,1204,3.0,0,0,3,1640,0,2014,0
450000.0,2,1.0,1380,4390,1.0,0,0,4,880,500,1931,0
437500.0,3,2.25,1970,35100,2.0,0,0,4,1970,0,1977,0
349000.0,4,1.75,1700,7800,1.0,0,0,5,1120,580,1981,0
240015.3333,4,2.25,1720,8300,1.0,0,0,4,1720,0,1973,0
132500.0,4,1.0,1540,115434,1.5,0,0,4,1540,0,1923,0
150000.0,3,1.0,1010,25000,1.0,0,0,3,1010,0,1966,1963
415500.0,4,2.5,1750,4779,2.0,0,0,3,1750,0,2009,0
980000.0,4,3.0,3680,5854,1.0,0,3,3,2060,1620,1967,2011
228944.4444,3,1.75,1730,11325,1.0,0,0,5,1730,0,1972,0
565000.0,2,1.75,1330,6000,1.0,0,0,4,960,370,1914,1945
561000.0,3,2.25,1710,4140,2.0,0,0,3,1710,0,2004,2003
430000.0,3,3.75,3890,7140,1.0,0,2,3,2390,1500,1943,2007
503000.0,3,2.5,2190,4882,2.0,0,0,3,2190,0,1999,0
596165.4286,4,2.0,2580,6000,1.0,0,0,5,1300,1280,1950,0
1340000.0,4,3.5,3190,5040,2.0,0,3,3,2160,1030,2003,0
770000.0,3,2.5,2430,54059,2.0,0,0,3,2430,0,1987,2000
1039000.0,4,1.0,3410,5000,2.0,0,0,5,2190,1220,1910,0
197000.0,3,1.75,1690,7735,1.0,0,0,4,1060,630,1976,1992
949880.0,4,2.25,2290,10687,2.0,0,0,3,2290,0,1978,0
1400000.0,4,2.5,2920,4000,1.5,0,0,5,1910,1010,1909,1988
739000.0,3,2.5,2810,5400,2.0,0,0,3,2810,0,2005,0
402000.0,4,2.25,2000,3672,2.0,0,0,5,1650,350,1926,0
620000.0,4,2.5,2450,55387,2.0,0,0,3,2450,0,1994,0
1240000.0,7,5.5,6630,13782,2.0,0,0,3,4930,1700,2004,2003
249000.0,3,1.0,1050,8498,1.0,0,0,4,1050,0,1959,0
300000.0,4,2.5,2620,4469,2.0,0,0,3,2620,0,2008,0
200500.0,3,1.75,1260,9346,1.0,0,0,4,1260,0,1963,0
330000.0,3,2.5,2210,7557,2.0,0,0,3,2210,0,1989,0
499000.0,3,1.75,1750,12325,1.0,0,0,4,1470,280,1968,0
330000.0,3,2.5,2238,7209,2.0,0,0,3,2238,0,2011,0
570000.0,3,2.25,2010,6000,1.0,0,0,3,1330,680,1975,0
800000.0,3,3.5,3830,221284,2.0,0,0,3,3530,300,1993,0
736000.0,4,2.5,2290,12047,2.0,0,0,4,2290,0,1988,0
1090000.0,4,2.5,4340,141570,2.5,0,0,3,4340,0,1992,0
935000.0,2,2.5,1780,2067,2.0,0,0,5,1780,0,1974,0
396166.6667,3,1.75,1880,5752,1.0,0,0,4,940,940,1945,0
482000.0,3,2.25,1710,21485,2.0,0,0,3,1710,0,1989,0
530000.0,3,2.0,2330,26571,2.5,0,0,3,2330,0,1987,2000
583000.0,3,2.5,2600,5100,2.0,0,1,3,2600,0,1998,2006
252500.0,3,2.0,1900,8002,1.0,0,0,3,1900,0,1991,0
345000.0,2,1.0,970,5750,1.0,0,0,4,970,0,1932,1958
253000.0,2,1.0,1310,7128,1.0,0,0,4,940,370,1980,0
1636000.0,3,2.5,3110,6765,2.0,0,1,4,2550,560,1946,1989
749000.0,3,2.75,2820,5348,2.0,0,0,3,2820,0,2008,0
329995.0,4,2.5,2303,3680,2.0,0,0,3,2303,0,2013,1923
230000.0,2,1.75,1910,3376,2.0,0,0,3,1910,0,1980,0
540000.0,4,2.5,2050,34222,2.0,0,0,4,2050,0,1989,0
368000.0,3,1.75,1710,10800,1.0,0,0,4,1710,0,1958,1972
485000.0,4,1.0,1600,4300,1.5,0,0,4,1600,0,1916,0
353000.0,3,1.0,1350,7740,1.0,0,0,4,860,490,1947,1988
655275.0,3,1.75,2050,11856,1.0,0,0,3,1460,590,1962,2003
255000.0,2,1.0,1220,2500,1.0,0,0,3,770,450,1910,2006
1240000.0,5,3.5,5430,10327,2.0,0,2,3,4010,1420,2007,0
255000.0,4,2.0,2430,8960,1.0,0,0,3,1430,1000,1960,2012
415000.0,3,2.5,1060,1536,2.0,0,0,3,1060,0,2000,0
435000.0,3,1.75,2220,132858,1.0,0,0,3,1110,1110,1988,2000
400000.0,3,1.0,1630,10304,1.0,0,0,5,1630,0,1953,0
235000.0,3,1.0,1250,15603,1.0,0,0,4,1250,0,1959,0
710000.0,2,1.5,1640,4080,1.5,0,0,5,1540,100,1916,0
266000.0,4,2.25,1995,7102,2.0,0,0,4,1995,0,1981,0
195000.0,2,1.0,720,18000,1.0,0,0,3,720,0,1950,2005
495000.0,4,2.0,2050,4000,1.5,0,0,5,1210,840,1941,0
2027000.0,4,3.75,4100,22798,1.5,0,3,5,2540,1560,1934,1979
1170000.0,4,2.5,2570,6251,2.0,0,0,3,2570,0,2000,0
750000.0,4,2.5,3020,7465,2.0,0,0,3,3020,0,2004,2003
384900.0,5,2.5,3090,12750,1.0,0,0,3,1750,1340,1968,1997
265000.0,3,2.5,1440,7741,1.0,0,0,4,1000,440,1983,0
300000.0,3,1.0,1150,7314,1.0,0,0,3,1150,0,1960,2012
688000.0,3,3.0,3450,16200,2.0,0,0,3,3450,0,1983,2009
311000.0,3,1.75,1900,3000,1.5,0,0,5,1070,830,1903,0
612500.0,4,2.0,2060,5000,1.0,0,0,3,1030,1030,1949,2013
399000.0,4,3.0,3060,5000,2.0,0,0,3,3060,0,2001,0
267000.0,3,1.0,1400,8100,1.5,0,0,3,1400,0,1944,0
450000.0,3,2.5,1480,1961,2.0,0,0,3,1480,0,2005,0
215000.0,3,1.0,960,9563,1.0,0,0,5,960,0,1967,0
890000.0,5,3.5,4490,6000,2.0,0,0,3,3200,1290,2006,0
675000.0,5,2.5,2820,67518,2.0,0,0,3,2820,0,1979,2014
453000.0,4,2.75,2300,37533,1.0,0,3,5,1550,750,1979,0
425000.0,3,2.5,2320,2267,3.0,0,0,3,2320,0,2009,0
1058000.0,4,2.0,2290,11137,1.0,0,0,4,2290,0,1955,2009
399888.0,4,2.25,1820,8255,1.5,0,0,4,1320,500,1930,0
1600000.0,3,3.25,3790,19000,2.0,0,4,3,3790,0,1985,0
1126000.0,5,3.5,3880,13885,2.0,0,3,4,2540,1340,1979,0
0.0,6,2.75,3200,9200,1.0,0,2,4,1600,1600,1953,1983
330000.0,4,1.75,2440,7350,1.0,0,0,3,1610,830,1978,0
425000.0,3,1.75,1680,3000,1.0,0,2,4,840,840,1900,1971
275250.0,3,2.25,1520,7199,2.0,0,0,4,1520,0,1992,0
215000.0,2,1.0,1240,7200,1.0,0,0,3,1240,0,1967,2011
810000.0,4,2.5,2810,10613,2.0,0,0,3,2810,0,1989,0
681500.0,5,2.75,3260,11700,1.0,0,0,3,1630,1630,1964,2000
366000.0,3,1.75,1510,8301,1.0,0,0,3,1510,0,1967,2011
950000.0,4,2.5,3360,11548,2.0,0,0,3,3360,0,1988,2000
585000.0,4,3.25,2400,29252,2.0,0,0,4,2400,0,1982,2011
899000.0,4,2.25,2370,6000,1.0,0,2,3,1440,930,1959,1989
1370000.0,2,2.25,2460,16940,1.5,0,4,4,1930,530,1936,0
650000.0,2,1.0,1050,2542,1.0,0,0,3,880,170,1904,0
700000.0,3,2.75,2500,7378,1.0,0,0,5,1390,1110,1948,1985
413000.0,4,1.0,1410,6000,1.0,0,0,3,810,600,1925,2002
219000.0,2,1.0,900,5160,1.0,0,0,3,900,0,1952,2008
390000.0,3,2.5,2240,10800,2.0,0,0,3,2240,0,1996,0
691500.0,4,2.5,2600,7200,2.0,0,0,3,2600,0,1962,2002
490000.0,3,3.0,1730,2940,3.0,0,0,3,1730,0,1985,0
320000.0,2,1.0,950,5316,1.0,0,2,3,950,0,1948,1994
950000.0,4,1.75,2500,92347,1.0,0,0,4,1500,1000,1970,0
385000.0,3,2.0,1480,6600,1.0,0,2,3,740,740,1943,2002
535000.0,4,2.5,2340,5600,2.0,0,0,3,2340,0,1921,2013
320000.0,3,2.5,2280,7417,2.0,0,0,3,2280,0,1998,2006
464500.0,3,1.75,1150,10466,1.0,0,0,5,1150,0,1959,0
675000.0,3,2.25,2610,9002,2.0,0,0,3,2610,0,1988,2000
389800.0,3,1.75,1880,12821,1.0,0,0,3,1880,0,1959,1989
217500.0,3,1.75,1400,9546,1.0,0,0,4,1400,0,1984,0
390000.0,3,1.0,1160,3750,1.5,0,0,3,1160,0,1910,2006
542000.0,3,1.75,1070,8030,1.0,0,0,3,1070,0,1966,2014
780000.0,3,3.0,2520,2152,1.5,0,0,3,1560,960,1925,2006
609900.0,4,2.5,3190,7399,2.0,0,0,3,3190,0,2006,0
398000.0,3,2.5,1720,1715,2.0,0,0,3,1240,480,2004,2003
319000.0,4,2.5,2510,7992,1.0,0,0,3,1610,900,1978,0
600000.0,5,2.0,2190,9072,1.0,0,0,5,1110,1080,1965,0
328950.0,4,1.75,2550,8976,1.0,0,0,5,1300,1250,1978,0
1150000.0,3,2.0,2110,18815,2.0,0,0,5,2110,0,1979,0
640000.0,3,2.0,1380,4800,1.0,0,0,3,1380,0,1948,1994
762500.0,4,2.75,2610,8760,1.0,0,0,4,1760,850,1978,2000
462000.0,4,2.5,3070,6432,2.0,0,0,3,3070,0,2006,0
782000.0,4,2.5,2830,20345,2.0,0,0,3,1980,850,1979,2014
320000.0,3,2.0,1550,34175,1.5,0,0,3,1550,0,1999,0
300000.0,4,2.5,2680,15508,2.0,0,0,3,2680,0,1999,0
554000.0,3,3.5,3380,108900,2.0,0,0,3,2700,680,1999,0
2000000.0,5,4.0,4580,4443,3.0,1,4,3,4580,0,2004,2003
710000.0,3,2.0,2140,4923,1.0,0,0,4,1070,1070,1928,0
532500.0,2,1.75,2050,11900,1.0,0,0,4,2050,0,1950,1983
245000.0,3,1.75,1260,6908,1.0,0,0,3,1260,0,1994,0
275000.0,3,2.5,1600,7000,2.0,0,0,4,1600,0,1993,0
378000.0,5,2.5,2760,8015,1.0,0,0,4,1600,1160,1960,2001
610000.0,4,3.0,2110,5000,1.5,0,2,4,1640,470,1930,0
759950.0,3,2.5,3100,23790,2.0,0,0,3,3100,0,2002,0
196500.0,3,1.0,1320,9000,1.0,0,0,3,1320,0,1966,1963
660000.0,2,2.25,2550,6000,2.0,0,0,5,1860,690,1902,0
230000.0,2,1.0,1080,9435,1.0,0,0,3,1080,0,1958,2004
575000.0,2,1.0,1490,6000,1.0,0,0,3,1090,400,1946,0
236000.0,4,2.75,2000,5827,2.0,0,0,3,2000,0,1997,0
480000.0,4,1.75,2220,6500,2.0,0,3,4,2220,0,1964,0
560000.0,3,2.0,2340,3477,1.0,0,1,5,1170,1170,1971,0
457500.0,3,2.25,1430,2003,2.0,0,0,3,980,450,1996,0
4489000.0,4,3.0,6430,27517,2.0,0,0,3,6430,0,2001,0
780000.0,3,1.75,2340,10495,1.0,0,0,4,2340,0,1967,0
501000.0,2,1.0,1010,4320,1.0,0,0,5,1010,0,1924,1956
527500.0,3,1.75,2310,78844,1.0,0,0,3,1760,550,1977,2004
400000.0,3,2.5,2970,23100,1.0,0,0,3,1510,1460,1967,2011
530000.0,5,2.25,2140,7910,1.0,0,0,3,1070,1070,1962,2003
1038000.0,4,1.75,1440,13296,1.0,0,0,4,1440,0,1967,0
623000.0,3,2.5,1850,7777,2.0,0,0,5,1850,0,1989,0
542500.0,5,2.75,3831,13800,2.0,1,4,3,3831,0,1959,1980
740000.0,4,2.5,3000,10392,2.0,0,0,3,3000,0,1995,0
755000.0,4,2.5,2660,10452,2.0,0,0,3,2660,0,1993,0
599000.0,7,2.5,2580,5750,1.0,0,0,4,1880,700,1901,0
244000.0,4,1.0,1450,8960,1.0,0,0,3,1450,0,1943,2002
575000.0,4,2.5,2500,4945,2.0,0,0,3,2500,0,2013,1923
243069.2308,3,1.0,1130,12519,1.0,0,0,3,1130,0,1958,2004
371000.0,3,1.0,890,7200,1.0,0,0,3,890,0,1951,1994
950000.0,4,3.5,4140,13392,2.0,0,0,3,4140,0,2000,0
749950.0,4,2.75,2910,18700,1.0,0,0,3,2210,700,1957,1995
1450000.0,4,3.25,3770,4103,2.0,0,0,5,2710,1060,1925,0
630000.0,2,2.5,2290,3507,2.0,0,0,3,2290,0,2005,0
592500.0,4,2.5,2240,12032,1.0,0,0,3,2240,0,1983,2009
342500.0,2,1.75,1210,7507,1.0,0,0,3,1210,0,1982,0
362300.0,3,2.5,2430,15264,2.0,0,0,3,2430,0,1997,0
2100000.0,4,1.75,3550,19865,2.0,0,0,3,3550,0,1962,2002
450000.0,4,1.0,2000,4676,1.5,0,0,3,1250,750,1916,1986
593000.0,3,2.75,1830,1850,2.0,0,0,3,1690,140,2011,0
287000.0,3,2.0,1300,11374,1.5,0,0,5,1300,0,1933,0
346500.0,3,1.0,1150,11802,1.0,0,0,4,1150,0,1932,1958
690000.0,4,2.5,2670,13463,2.0,0,0,4,2670,0,1989,0
865000.0,4,3.0,3690,9892,2.0,0,0,3,3690,0,1998,2006
287919.7826,2,1.0,870,4600,1.0,0,0,4,870,0,1942,1982
440500.0,3,2.5,2460,4399,2.0,0,0,3,2460,0,2007,0
594950.0,4,2.5,2720,10006,2.0,0,0,3,2720,0,1989,0
433500.0,3,2.5,2200,3360,2.0,0,0,3,2200,0,2009,0
673476.8182,4,2.5,2740,12899,2.0,0,0,4,2740,0,1990,0
360000.0,3,1.5,1800,22000,2.0,0,0,3,1800,0,1931,0
558000.0,4,2.0,2180,3870,1.0,0,0,3,1020,1160,1900,2005
803100.0,4,2.5,3310,5404,2.0,0,0,3,3310,0,2004,2003
553650.0,2,2.5,1360,1349,2.0,0,0,3,1050,310,1997,0
285000.0,2,1.0,780,5000,1.0,0,0,4,780,0,1943,0
605004.0,4,2.0,1370,4000,2.0,0,0,3,1370,0,1951,1994
192500.0,2,1.0,950,7692,1.0,0,0,3,950,0,1926,2003
238000.0,3,2.0,1020,1204,2.0,0,0,3,720,300,2004,2003
290000.0,3,1.5,1950,15954,1.0,0,0,4,1950,0,1959,0
850000.0,4,3.5,2640,5900,2.0,0,2,3,2640,0,1937,1998
883000.0,4,2.5,2960,41656,2.0,0,0,3,2960,0,1985,0
460000.0,2,2.25,1230,929,2.0,0,0,3,1020,210,2004,2003
1135000.0,4,2.75,3370,8103,1.0,0,3,3,1970,1400,1970,2014
325000.0,2,2.5,1050,1609,2.0,0,0,3,1050,0,2005,0
270000.0,3,2.0,1690,9583,1.0,0,0,4,1690,0,1969,0
265000.0,3,1.0,1000,9150,1.0,0,0,3,1000,0,1969,2010
253500.0,3,1.0,1640,12384,1.0,0,0,4,1090,550,1954,1979
326428.5714,3,1.0,1250,4800,1.0,0,0,4,1250,0,1951,1999
195000.0,3,1.75,1570,8459,1.0,0,0,3,1570,0,1991,0
300000.0,3,1.0,930,5160,1.5,0,0,5,930,0,1919,1934
625000.0,4,2.5,2630,48706,2.0,0,0,3,2630,0,1986,0
150000.0,3,0.75,490,38500,1.5,0,0,4,490,0,1959,0
462000.0,3,1.75,1300,2580,1.0,0,0,5,820,480,1919,1934
276000.0,1,0.75,370,1801,1.0,0,0,5,370,0,1923,0
475000.0,4,2.0,2100,13468,1.0,0,0,5,1050,1050,1962,0
718500.0,3,1.5,1200,6240,1.0,0,0,3,1030,170,1952,2008
762000.0,4,3.5,4000,15253,2.0,0,0,3,4000,0,2007,0
386000.0,4,2.25,2050,9583,2.0,0,2,3,1770,280,1965,1993
154950.0,4,1.0,1600,10183,1.0,0,0,4,1600,0,1966,0
831500.0,5,2.5,4470,35124,2.5,0,0,3,4470,0,1984,0
402000.0,3,2.5,1960,8000,1.0,0,0,4,1290,670,1977,0
548000.0,3,2.5,2110,4099,2.0,0,0,3,2110,0,2001,0
129000.0,2,1.0,1150,30184,1.0,0,0,3,1150,0,1950,2005
270000.0,3,1.0,1500,13500,1.0,0,0,4,1500,0,1968,0
411605.0,4,2.5,2658,3960,2.0,0,0,3,2658,0,2014,0
2400000.0,5,3.25,3410,9088,2.0,0,3,3,2760,650,1912,1994
455000.0,4,2.25,1740,8449,1.0,0,0,4,1170,570,1958,1972
495000.0,4,2.75,2656,21195,2.0,0,0,3,2656,0,2014,0
605000.0,3,2.25,1290,2500,2.0,0,0,4,1290,0,1987,0
345000.0,3,1.0,1140,4200,2.0,0,0,4,1140,0,1904,0
353250.0,2,1.0,1060,1600,2.0,0,0,3,1060,0,1979,2014
530000.0,3,1.75,1320,2500,1.0,0,0,3,870,450,1918,0
454000.0,3,1.0,1970,22144,1.0,0,0,4,1970,0,1970,0
831000.0,4,2.5,2030,3905,1.5,0,0,4,1630,400,1926,1993
483300.0,4,2.0,1210,11100,1.0,0,0,4,1210,0,1955,2009
300000.0,4,3.0,2200,10800,1.0,0,0,3,2200,0,1960,2012
681716.0,4,2.5,3150,7277,2.0,0,0,3,3150,0,2006,0
386380.0,3,2.5,1720,3600,2.0,0,0,3,1720,0,2010,0
385000.0,3,1.75,1180,10541,1.0,0,0,4,940,240,1981,0
470000.0,5,2.5,2210,9655,1.0,0,0,3,1460,750,1976,0
1462497.0,5,3.25,3840,4800,3.0,0,3,3,2750,1090,2008,0
305000.0,6,2.0,1900,8240,1.0,0,0,2,1200,700,1964,0
545000.0,5,2.5,2730,17240,1.0,0,0,5,1660,1070,1958,0
435000.0,4,2.5,2550,5200,2.0,0,0,3,2550,0,2009,0
330000.0,3,2.5,1680,11312,1.0,0,0,3,1080,600,1959,1989
316000.0,3,2.25,2130,8721,1.0,0,0,3,1570,560,1987,2000
739900.0,5,2.5,2980,5377,2.0,0,0,3,2980,0,2006,0
559000.0,3,1.5,2070,5386,1.0,0,0,4,1140,930,1948,0
360000.0,3,2.5,1530,1131,3.0,0,0,3,1530,0,2009,0
700000.0,4,1.0,1680,4021,1.5,0,0,3,1680,0,1921,2000
875000.0,4,3.5,3110,108464,2.0,0,2,4,3110,0,1979,0
1198000.0,4,3.5,3400,3850,2.5,0,0,3,2790,610,2008,0
449000.0,4,2.5,1850,5040,1.0,0,0,3,1230,620,1930,2013
289000.0,3,2.5,1970,9607,2.0,0,0,3,1090,880,1988,2000
280000.0,3,1.0,1200,6250,1.0,0,0,3,920,280,1943,2002
386000.0,2,2.5,1620,3196,2.0,0,0,3,1620,0,2008,0
575000.0,4,2.5,3020,17810,1.0,0,0,3,1600,1420,1979,2014
525000.0,3,2.5,2030,6970,2.0,0,0,4,2030,0,1991,0
360000.0,4,1.5,1720,6417,1.0,0,0,3,1720,0,1953,0
437000.0,4,2.5,1890,8505,1.0,0,0,3,1290,600,1980,0
1340000.0,3,3.0,2960,5500,2.0,0,2,3,2440,520,1937,1990
375000.0,5,3.25,3370,7947,2.0,0,0,3,3370,0,2001,0
566000.0,3,2.25,1660,10140,1.0,0,0,4,1370,290,1980,0
108333.3333,3,1.0,1200,9936,1.0,0,0,4,1200,0,1969,0
455000.0,4,2.5,3170,10688,2.0,0,2,3,3170,0,2001,0
824000.0,7,4.25,3670,4000,2.0,0,1,3,2800,870,1964,2000
510000.0,4,2.25,2450,62290,2.0,0,0,3,2450,0,1976,0
1280000.0,4,3.5,4660,17398,2.0,0,2,3,4660,0,2003,0
455000.0,3,2.5,1870,7344,1.0,0,0,3,1470,400,1980,0
405000.0,5,2.5,2430,4781,2.0,0,0,3,2430,0,2001,0
341000.0,3,1.0,1390,4814,1.5,0,0,3,1390,0,1908,1988
480000.0,5,2.5,2732,9500,1.0,0,2,4,1870,862,1975,0
309000.0,3,1.0,1092,7500,1.5,0,0,3,1092,0,1918,0
339000.0,3,1.0,1100,4128,1.0,0,0,4,720,380,1942,1982
785200.0,3,2.25,1840,3500,1.5,0,0,5,1540,300,1910,0
150000.0,3,1.0,1310,9612,1.0,0,0,3,960,350,1962,2003
134000.0,2,1.5,980,5000,2.0,0,0,3,980,0,1922,2003
385000.0,2,1.0,830,26329,1.0,1,3,4,830,0,1928,0
244000.0,3,1.0,910,5250,1.0,0,0,4,910,0,1971,0
274950.0,3,1.0,1450,8820,1.0,0,0,3,1050,400,1958,2004
360000.0,2,0.75,850,7710,1.0,0,2,5,550,300,1909,1988
650000.0,3,1.75,2140,9484,1.0,0,0,3,1290,850,1953,0
515000.0,2,1.0,1060,4960,1.0,0,0,3,1060,0,1926,2003
478000.0,3,2.5,3040,4535,2.0,0,0,3,3040,0,2007,0
538250.0,3,2.25,2590,15229,2.0,0,3,3,2590,0,1984,0
1220000.0,4,2.5,3240,3600,2.0,0,0,3,2060,1180,2008,0
500000.0,2,2.5,1310,1500,2.0,0,0,3,1160,150,2006,0
300000.0,3,1.0,1090,9900,1.0,0,0,4,1090,0,1955,2009
744312.5,4,2.5,2800,5900,1.0,0,0,3,1660,1140,1963,2008
510250.0,3,1.75,1400,4000,1.0,0,0,3,870,530,1951,1994
100000.0,4,1.0,1120,2685,1.0,0,0,3,860,260,1939,1969
1075000.0,3,2.5,3280,10302,1.0,0,0,3,1680,1600,1970,2014
394475.0,2,1.0,830,4000,1.0,0,0,3,830,0,1955,2005
430000.0,3,1.75,1200,4500,1.0,0,0,5,1200,0,1906,0
670000.0,5,2.5,2860,68519,2.0,0,0,5,2860,0,1958,0
1500000.0,6,2.5,3560,6480,2.5,0,0,4,3560,0,1914,1945
631500.0,4,2.0,2530,5650,1.5,0,0,4,1910,620,1910,0
248000.0,3,1.0,950,9400,1.0,0,0,4,950,0,1954,1979
335000.0,4,2.75,2540,7210,1.0,0,0,4,1600,940,1979,0
1337044.2,4,3.5,4280,9583,2.0,0,0,3,4280,0,2005,0
320000.0,3,2.25,998,844,2.0,0,0,3,798,200,2007,0
257000.0,4,2.75,2330,7642,1.0,0,0,3,1800,530,1990,2009
495000.0,4,1.75,1600,6380,1.0,0,0,3,1130,470,1959,1989
440825.0,3,1.75,1980,6250,1.0,0,1,5,1090,890,1910,0
750000.0,4,2.75,1750,5080,1.5,0,0,3,1750,0,1903,2005
469900.0,4,2.5,2990,8913,2.0,0,0,4,2990,0,1991,0
554950.0,3,2.5,2950,10254,2.0,0,0,3,2950,0,2006,0
411000.0,4,2.75,2500,5257,2.0,0,0,3,2500,0,1966,1963
292285.7143,3,1.75,1890,13860,1.0,0,0,5,1890,0,1966,0
479000.0,3,2.5,1260,889,3.0,0,0,3,1260,0,2008,0
250000.0,3,1.75,1160,6134,1.0,0,0,3,1160,0,1998,2006
795000.0,3,2.0,2420,17859,1.0,0,1,5,1500,920,1979,0
1465000.0,6,4.5,4230,6420,2.0,0,3,4,2360,1870,1916,0
473200.0,3,1.5,1740,4200,1.5,0,0,4,1640,100,1920,0
971971.0,4,3.75,3460,6738,2.0,0,0,3,3460,0,2013,1923
494000.0,3,2.5,2310,4729,2.0,0,0,3,2310,0,2011,0
474000.0,3,1.75,1530,8000,2.0,0,0,3,1530,0,1978,0
306000.0,3,1.0,1450,7200,1.0,0,0,3,1010,440,1969,2010
375000.0,3,1.75,2530,35150,1.0,0,0,4,1800,730,1977,0
650000.0,2,1.0,1030,5750,1.0,0,0,5,1030,0,1928,1970
375000.0,3,1.75,1660,9673,1.0,0,0,3,1130,530,1976,0
271310.0,2,1.0,870,5340,1.5,0,0,2,870,0,1906,0
595000.0,4,3.25,3730,4560,2.0,0,0,3,2760,970,2013,1923
578000.0,4,2.5,3140,9225,1.0,0,2,5,1770,1370,1966,0
1580000.0,4,3.25,3760,10920,1.5,0,0,5,2400,1360,1950,0
455000.0,4,2.5,2950,4502,2.0,0,0,3,2950,0,2005,0
585000.0,3,1.75,1850,7735,1.0,0,0,4,1850,0,1983,0
1100000.0,3,2.5,2200,20000,1.0,0,1,3,1400,800,1952,2008
725000.0,4,2.75,2630,7505,2.0,0,0,3,2630,0,1994,0
269000.0,3,1.0,1690,4250,1.0,0,0,3,1020,670,1967,2011
551000.0,3,2.5,2830,5802,2.0,0,0,3,2830,0,2001,0
1034500.0,4,2.5,2370,10858,2.0,0,0,3,2370,0,2003,0
287000.0,3,2.25,1490,9600,1.0,0,0,4,1170,320,1987,0
437000.0,2,1.75,1500,6800,1.0,0,0,4,910,590,1942,1982
657500.0,3,2.0,2320,10960,1.0,0,0,3,1510,810,1956,2001
600000.0,3,2.0,2540,237402,1.0,0,0,3,2540,0,2007,0
802000.0,3,1.75,2870,5000,1.5,0,0,4,1840,1030,1907,0
330000.0,4,3.5,3150,6202,2.0,0,0,3,3150,0,2005,0
250600.0,4,2.5,1930,8660,1.0,0,0,3,1120,810,1981,2013
475000.0,2,2.0,1540,54450,2.0,0,0,3,1540,0,1983,2009
357250.0,3,1.5,1400,8840,1.0,0,0,4,1400,0,1952,0
600000.0,3,2.5,3240,8016,2.0,0,0,3,2910,330,2004,2003
359500.0,4,2.75,2140,10316,2.0,0,0,3,2140,0,1993,0
248000.0,4,2.0,2080,13510,1.0,0,0,3,1040,1040,1950,2005
875000.0,4,2.25,3720,12384,1.0,0,2,5,1860,1860,1970,0
599000.0,4,2.75,2020,2750,1.0,0,0,3,1010,1010,1917,2014
360000.0,4,2.5,2850,4650,2.0,0,0,3,2850,0,2004,2003
1330000.0,3,1.5,1940,2885,1.5,0,2,3,1940,0,1900,2005
260000.0,3,1.5,1580,8184,1.0,0,0,3,1140,440,1954,2005
470000.0,3,2.5,2150,8221,2.0,0,0,3,2150,0,1992,0
670000.0,6,3.0,4050,36171,2.0,0,0,4,2620,1430,1970,0
345000.0,3,1.5,1240,11200,1.0,0,0,4,1240,0,1954,1979
455000.0,3,1.75,1420,1189,3.0,0,0,3,1420,0,2006,0
575000.0,5,3.0,3690,49709,1.0,0,2,3,2690,1000,1960,2012
723000.0,4,2.25,2430,4748,1.5,0,0,3,1630,800,1928,1954
230000.0,3,1.0,1530,389126,1.5,0,0,4,1530,0,1919,1985
390000.0,4,2.0,1900,76877,1.0,0,0,3,1900,0,2004,2003
449250.0,4,2.0,1480,3844,1.5,0,0,5,1480,0,1928,1970
234000.0,3,1.0,1040,8128,1.0,0,0,3,1040,0,1983,2009
979000.0,3,1.5,1700,14133,1.0,0,1,4,1700,0,1954,1979
615000.0,3,1.75,1720,4080,1.0,0,0,4,960,760,1924,0
751750.0,2,2.0,1880,5400,1.5,0,0,3,1880,0,1902,0
603500.0,6,2.75,2660,8400,1.0,0,0,5,1550,1110,1962,0
530000.0,3,1.75,1980,6760,1.0,0,0,4,1980,0,1973,0
775000.0,6,2.75,2980,5000,1.5,0,0,3,2480,500,1916,1986
322500.0,4,2.5,1820,6753,2.0,0,0,3,1820,0,1994,0
249000.0,3,2.25,1440,7673,1.0,0,0,3,940,500,1982,0
800000.0,2,2.25,1730,31491,2.0,1,2,4,1730,0,1947,1988
299995.0,2,1.0,1060,7200,1.0,0,0,4,1060,0,1951,1999
525000.0,3,1.5,1540,4773,2.0,0,0,3,1540,0,1941,2009
1200000.0,4,1.75,3990,13470,2.0,0,0,3,3990,0,2006,0
1288333.333,6,4.5,3830,4800,3.0,0,0,3,3050,780,1919,2004
310000.0,3,1.75,1420,7650,1.0,0,0,4,1100,320,1984,0
1681000.0,5,5.25,4830,18707,2.0,0,1,5,3930,900,1952,1998
1125000.0,6,3.75,3010,4360,2.0,0,0,3,2000,1010,2014,0
450000.0,3,2.0,1510,43560,1.0,0,0,3,1510,0,1954,2005
547500.0,3,3.5,1650,2262,3.0,0,0,3,1650,0,2010,0
335000.0,3,1.5,2240,87625,1.5,0,0,2,1480,760,1980,0
750000.0,4,2.25,3190,11597,2.0,0,0,3,2300,890,1984,0
415000.0,4,1.5,1840,11367,1.5,0,0,4,1840,0,1950,1983
582800.0,4,2.75,2550,7636,1.0,0,0,3,1440,1110,1986,0
751000.0,4,3.25,3090,9571,2.0,0,0,3,2370,720,2004,2003
972000.0,4,1.75,2010,6300,1.0,0,2,5,1610,400,1937,0
342246.4286,4,2.5,1980,7403,2.0,0,0,3,1980,0,1988,2000
661500.0,5,2.5,2500,7200,1.0,0,0,4,1490,1010,1977,0
315000.0,4,2.0,1780,5336,1.5,0,0,5,930,850,1918,0
463000.0,3,1.75,1710,7320,1.0,0,0,3,1710,0,1948,1994
668500.0,4,2.5,2710,5500,2.0,0,0,3,2710,0,1999,0
435000.0,3,2.25,1890,7200,1.0,0,0,4,1230,660,1973,0
280000.0,3,2.25,1970,11088,1.0,0,0,4,1180,790,1967,0
375000.0,4,1.75,2200,7475,1.0,0,0,5,1100,1100,1955,0
446000.0,4,2.25,2270,7800,1.0,0,0,3,1290,980,1977,2004
760000.0,4,2.5,2760,6000,2.0,0,0,5,2230,530,1942,0
602761.0,4,2.5,2770,10274,2.0,0,0,3,2770,0,1989,0
315000.0,3,2.5,1730,6368,2.0,0,0,3,1730,0,1993,0
198000.0,3,1.5,1430,7347,1.0,0,0,3,820,610,1980,0
524000.0,3,1.75,1560,5520,1.0,0,0,4,780,780,1944,0
300000.0,3,1.5,1590,8911,1.0,0,0,3,1590,0,1956,2001
549000.0,4,2.5,2910,6338,2.0,0,0,3,2910,0,2008,0
499000.0,3,1.75,1840,5000,1.0,0,0,4,920,920,1910,0
860000.0,4,3.25,3960,7012,2.0,0,0,3,3960,0,2005,0
870000.0,4,3.0,3040,36246,1.5,0,0,3,2680,360,1923,2014
1565000.0,4,2.75,2970,12750,1.5,0,1,4,2130,840,1918,1986
860000.0,5,3.25,4500,9648,2.0,0,4,4,3000,1500,1968,0
300000.0,2,1.0,750,5120,1.0,0,0,4,750,0,1941,1998
379509.1667,2,1.0,880,6413,1.0,0,0,3,880,0,1950,2005
448000.0,4,2.5,2510,6853,2.0,0,2,3,2510,0,2006,0
1059500.0,5,3.25,3230,3825,2.0,0,0,3,2480,750,2014,0
427500.0,4,2.5,2460,5091,2.0,0,0,3,2460,0,2003,0
1640000.0,3,3.25,3140,5445,2.0,0,3,4,2240,900,1913,0
282613.0,2,1.0,830,6017,1.0,0,0,4,830,0,1954,1979
366000.0,3,1.75,1840,11440,1.0,0,0,4,1340,500,1977,0
565000.0,3,2.75,2390,9966,1.0,0,0,5,1360,1030,1977,0
535000.0,4,1.75,1420,5000,1.5,0,0,4,1420,0,1945,0
457000.0,3,2.5,1220,1330,2.0,0,0,3,1010,210,2008,0
734990.0,4,2.5,2650,6884,2.0,0,0,3,2650,0,2012,1912
161700.0,4,1.75,1720,7200,1.0,0,0,3,1220,500,1974,0
459000.0,3,1.75,1620,7330,1.0,0,0,4,1090,530,1974,0
505000.0,4,1.75,1940,4800,1.0,0,0,5,1030,910,1922,1956
119500.0,3,1.0,1170,11000,1.0,0,0,2,1170,0,1980,0
204950.0,4,1.75,1740,9344,1.0,0,0,3,1180,560,1978,0
750000.0,5,3.25,2750,7500,2.0,0,1,3,2150,600,1937,1997
670500.0,4,2.0,1590,6750,1.0,0,0,3,1590,0,1951,1994
333000.0,2,1.0,720,6686,1.0,0,0,3,720,0,1942,1999
675000.0,3,2.25,1990,10260,2.0,0,0,4,1990,0,1987,0
210000.0,2,1.0,720,8040,1.0,0,0,3,720,0,1943,2002
0.0,4,5.0,4550,18641,1.0,1,4,3,2600,1950,2002,0
458500.0,3,2.0,1890,1599,2.0,0,0,3,1430,460,2012,1912
430000.0,3,2.75,2550,11160,2.0,0,0,3,2550,0,1994,0
435000.0,4,2.75,2230,9640,1.0,0,0,3,1320,910,1998,2006
455000.0,2,1.5,1310,12196,1.5,0,0,3,1310,0,1970,2014
417500.0,4,1.0,1390,10800,1.5,0,0,4,1390,0,1941,1998
536500.0,4,1.75,2000,4000,1.5,0,0,5,1450,550,1926,0
446000.0,5,2.75,2190,12687,1.0,0,0,5,1370,820,1978,0
321000.0,4,2.5,1830,9601,2.0,0,0,3,1830,0,2003,0
235000.0,1,1.0,810,2451,1.0,0,0,5,810,0,1941,0
525000.0,5,2.75,2440,8000,1.0,0,0,4,1240,1200,1972,0
229000.0,4,2.25,2010,7688,1.0,0,0,3,1170,840,1979,2014
430000.0,2,1.0,990,4802,1.0,0,0,3,990,0,1947,2012
605000.0,3,2.5,2610,6405,2.0,0,0,3,2610,0,2001,0
952500.0,4,1.5,2550,5055,2.0,0,0,4,2550,0,1910,0
394000.0,4,2.5,3000,9793,2.0,0,0,3,3000,0,2002,0
600000.0,4,2.0,2510,38141,1.0,0,0,3,2510,0,1960,2012
285500.0,4,1.75,1960,7950,1.0,0,0,4,1960,0,1967,0
1000000.0,4,3.0,4260,18687,2.0,0,0,3,4260,0,1996,0
822500.0,5,3.5,2320,4960,2.0,0,0,5,1720,600,1926,0
187500.0,3,1.5,1180,7000,1.0,0,0,4,1180,0,1977,0
380000.0,2,1.0,1210,4800,1.0,0,0,3,1060,150,1950,2005
308830.7692,2,1.0,810,4800,1.0,0,0,3,810,0,1919,2001
640000.0,3,1.75,2340,4206,1.0,0,0,5,1170,1170,1917,0
430000.0,3,1.75,1300,12731,1.0,0,0,3,1300,0,1981,2013
980000.0,4,2.5,2730,4800,1.5,0,0,5,2230,500,1909,1988
620000.0,3,2.25,1720,4000,1.5,0,0,4,1450,270,1921,0
335000.0,3,2.0,1170,5360,1.0,0,0,3,1170,0,1919,2001
233166.6667,3,2.0,1570,7000,2.0,0,2,4,1050,520,1971,0
775000.0,4,2.5,2300,6158,2.0,0,0,3,2300,0,1999,0
675000.0,4,2.5,2560,36601,2.0,0,0,4,2560,0,1987,0
500000.0,5,3.25,3130,12087,2.0,0,0,3,2180,950,1975,0
2475000.0,3,3.25,4340,4947,2.0,0,3,3,3060,1280,1993,0
210000.0,4,1.75,2180,28710,1.0,0,0,3,1180,1000,1950,2005
269000.0,3,2.5,1560,4200,2.0,0,0,3,1560,0,2003,0
800000.0,3,2.75,2220,4000,2.0,0,0,3,1700,520,1914,2000
325000.0,3,1.0,990,6750,1.0,0,0,4,990,0,1947,1988
371000.0,3,1.5,1420,4500,1.0,0,0,3,1420,0,1959,1989
370000.0,4,2.5,2220,5338,2.0,0,0,3,2220,0,2001,0
410000.0,6,2.75,2520,9324,1.0,0,0,4,1320,1200,1962,0
589500.0,3,3.25,2310,3075,2.0,0,0,3,1730,580,2005,0
570000.0,3,2.0,1530,5401,1.0,0,0,4,1530,0,1937,0
370000.0,3,2.5,1780,4050,2.0,0,0,3,1780,0,2001,0
400000.0,3,1.75,1530,10731,1.0,0,0,3,1530,0,1986,0
535000.0,5,2.25,2520,49222,2.0,0,0,4,2520,0,1978,2000
370000.0,2,1.0,900,4600,1.0,0,0,3,900,0,1951,1994
425000.0,2,1.0,910,4635,1.0,0,0,4,910,0,1905,0
475000.0,4,2.0,1790,2250,1.0,0,2,4,840,950,1909,1989
660000.0,3,2.5,2290,2798,3.0,0,0,4,2290,0,1953,1983
542500.0,5,2.75,2520,16100,1.0,0,3,4,1570,950,1960,2001
249950.0,3,2.0,1550,15040,1.0,0,0,4,1550,0,1958,1972
580000.0,3,2.5,2200,11000,2.0,0,2,3,2200,0,1978,0
537000.0,3,3.0,2410,7479,2.0,0,2,3,2410,0,1942,1988
780000.0,4,2.5,2730,10281,2.0,0,2,3,2730,0,1996,0
315000.0,4,2.5,1940,10200,1.0,0,0,4,1140,800,1977,0
475000.0,3,2.5,950,1110,2.0,0,0,3,950,0,2003,0
660000.0,3,1.75,1980,3300,1.5,0,0,4,1140,840,1926,1993
1550000.0,5,4.25,6070,171626,2.0,0,0,3,6070,0,1999,0
197500.0,3,1.0,980,3090,1.5,0,0,3,980,0,1903,2005
355300.0,3,2.5,1620,7410,1.0,0,0,5,1620,0,1955,0
640000.0,3,2.25,1980,10115,1.0,0,0,3,1980,0,1959,1989
364950.0,4,2.5,2310,8030,2.0,0,0,3,2310,0,1978,0
350000.0,3,3.25,1460,1592,2.0,0,0,3,1130,330,2006,0
100000.0,2,0.75,660,5240,1.0,0,0,4,660,0,1912,1989
210000.0,3,1.0,1080,21043,1.0,0,0,3,1080,0,1942,1999
465000.0,3,2.0,1560,8640,1.0,0,0,5,1560,0,1967,0
390000.0,3,1.0,1240,11108,1.0,0,0,4,1240,0,1952,0
282000.0,4,2.0,1890,6302,2.0,0,0,3,1890,0,1997,0
660000.0,3,2.0,2570,28500,1.0,0,0,3,1970,600,1983,2009
346000.0,4,2.5,2100,3916,2.0,0,0,3,2100,0,2009,0
332000.0,1,1.0,960,2640,1.0,0,0,3,760,200,1908,1988
460886.9231,4,2.5,3250,4500,2.0,0,0,3,3250,0,2009,0
475000.0,3,2.25,2280,5750,1.0,0,1,4,1150,1130,1985,0
485000.0,3,2.25,2440,47916,2.0,0,0,3,2090,350,1991,0
464900.0,4,2.25,2020,8424,1.0,0,0,4,1380,640,1979,0
330000.0,2,2.0,1550,435600,1.5,0,0,2,1550,0,1972,0
170000.0,2,1.0,1500,18540,1.0,0,0,3,1500,0,1950,2005
295000.0,2,1.75,2200,89298,1.0,0,0,3,1100,1100,1973,2013
630000.0,4,2.5,2190,9880,1.0,0,0,4,1410,780,1979,0
245000.0,3,2.5,1600,2788,2.0,0,0,4,1600,0,1992,0
1095000.0,0,0.0,3064,4764,3.5,0,2,3,3064,0,1990,2009
650000.0,2,2.5,1740,2500,2.0,0,2,3,1210,530,1994,0
556000.0,3,2.25,2020,3600,2.0,0,0,3,2020,0,1998,2006
440000.0,4,2.5,2250,7526,2.0,0,0,3,2250,0,1989,0
323833.3333,4,1.0,1940,5753,1.5,0,0,3,1940,0,1947,2012
397000.0,3,3.5,1360,1275,2.0,0,0,3,1240,120,2007,0
875000.0,5,2.5,2920,5568,2.0,0,0,3,2320,600,1906,2014
397000.0,4,2.5,2320,11717,2.0,0,0,3,2320,0,1997,0
274500.0,3,2.25,1450,4050,2.0,0,0,3,1450,0,2010,0
471500.0,4,3.0,2370,3672,1.5,0,0,5,1650,720,1916,0
1100000.0,4,3.75,5070,60123,2.0,0,0,3,5070,0,2000,0
173000.0,2,1.0,820,10450,1.0,0,0,4,820,0,1965,0
0.0,3,1.0,1300,6710,1.0,0,0,4,1300,0,1952,0
405000.0,3,1.75,1980,8100,1.0,0,0,4,1310,670,1949,1985
533000.0,3,1.0,1670,4080,1.0,0,0,3,1170,500,1967,2011
330000.0,2,2.5,1240,1546,2.0,0,0,3,1240,0,2007,0
148000.0,2,1.0,630,4200,1.0,0,0,3,630,0,1930,1997
1120000.0,5,2.75,4400,18500,1.0,0,3,5,2250,2150,1963,0
455000.0,4,2.25,2450,21000,1.0,0,2,4,1650,800,1954,1979
499000.0,2,1.0,1220,3000,1.0,0,0,3,920,300,1926,2003
525000.0,4,2.5,2910,7631,2.0,0,2,3,2910,0,2006,0
530000.0,4,2.25,2210,7665,2.0,0,0,4,2210,0,1968,0
250000.0,1,1.0,1100,4373,1.0,0,0,2,820,280,1947,0
378000.0,3,2.5,1601,2491,3.0,0,0,3,1536,65,2007,0
809950.0,4,2.0,2230,9900,1.5,0,0,5,2230,0,1959,0
400000.0,2,1.0,980,2130,1.0,0,0,4,860,120,1918,1974
251200.0,4,1.5,1310,8250,1.0,0,0,3,1060,250,1953,0
852600.0,4,2.5,3320,11901,2.0,0,0,5,2650,670,1977,0
294700.0,3,2.0,1970,9600,1.0,0,0,4,1300,670,1967,0
507000.0,3,2.5,2120,7201,2.0,0,0,3,2120,0,2003,0
156766.6667,2,1.0,1500,4120,1.5,0,0,3,880,620,1928,1954
509900.0,3,2.5,1790,2700,2.0,0,0,3,1790,0,2010,0
229500.0,3,1.75,1770,33224,1.0,0,0,4,1770,0,1968,0
400000.0,3,2.25,1450,4706,2.0,0,0,3,1450,0,2009,0
400000.0,4,2.0,1670,12056,1.0,0,0,3,1670,0,1955,2005
258000.0,4,1.75,1730,8320,1.0,0,0,3,1230,500,1977,2004
565000.0,4,2.5,2240,14667,2.0,0,0,4,2240,0,1989,0
550000.0,4,2.5,2700,5100,1.0,0,0,4,1440,1260,1968,0
445000.0,2,2.0,1240,2500,2.0,0,0,3,1240,0,1985,0
550000.0,4,2.0,2250,7500,1.0,0,0,5,1200,1050,1956,0
420000.0,2,1.0,860,3880,1.0,0,0,4,860,0,1916,0
300000.0,3,2.0,1050,10072,1.0,0,0,3,1050,0,1986,0
211000.0,3,1.5,1350,7620,1.0,0,0,5,1350,0,1941,0
979000.0,3,2.5,2690,4047,3.0,0,0,3,2690,0,2014,0
335000.0,3,2.25,2150,30476,2.0,0,0,3,2150,0,1991,0
415000.0,4,1.75,1920,7700,2.0,0,0,4,1920,0,1970,0
1240000.0,4,3.5,3820,13224,2.0,0,0,3,3280,540,1990,2009
180000.0,3,1.0,870,5330,1.0,0,0,3,870,0,1969,2014
740000.0,2,1.75,2080,4800,1.0,0,0,5,1080,1000,1923,0
580000.0,5,2.0,2060,6000,2.0,0,0,3,2060,0,1903,2005
780000.0,4,2.0,2600,4800,1.0,0,2,3,1400,1200,1953,0
205000.0,3,1.0,1230,8750,1.0,0,0,3,1230,0,1965,1993
285000.0,2,2.0,1651,18200,1.0,0,0,3,1651,0,1946,0
655000.0,4,2.5,2990,5669,2.0,0,0,3,2990,0,2003,0
725000.0,4,2.5,3420,30410,2.0,0,0,3,3420,0,1988,2000
399950.0,3,3.0,1296,1051,3.0,0,0,3,1296,0,2009,0
279950.0,5,1.75,2150,7171,1.0,0,0,4,1460,690,1970,0
379950.0,3,3.25,1860,1787,3.0,0,0,3,1860,0,2007,0
1225000.0,4,2.25,3490,6906,2.0,0,0,4,2280,1210,1928,0
1175000.0,3,2.5,1970,23180,1.0,1,4,3,1100,870,1937,1998
435000.0,3,2.0,1980,2674,3.0,0,0,3,1980,0,2007,0
243000.0,2,1.0,1770,5522,1.5,0,0,4,960,810,1943,0
415000.0,3,1.75,1910,12596,1.0,0,0,3,1340,570,1977,2004
792500.0,4,2.5,4290,175421,2.0,0,0,3,4290,0,2004,2003
1886700.0,5,3.5,4180,17935,2.0,0,0,3,4180,0,2004,2003
455000.0,3,2.25,1470,4653,2.0,0,0,4,1470,0,1985,0
206000.0,2,1.0,810,7158,1.0,0,0,5,810,0,1944,0
489200.0,3,2.75,1850,9600,1.5,0,0,5,1850,0,1965,0
324950.0,3,1.0,1210,7440,1.0,0,0,3,1210,0,1949,1998
420000.0,3,2.25,2000,8030,1.0,0,0,4,1000,1000,1963,0
900000.0,3,1.0,1330,77972,1.0,0,0,3,1330,0,1928,1954
590000.0,4,4.25,2360,57514,2.0,0,0,4,2360,0,1939,1987
265000.0,4,1.0,1940,9533,1.0,0,0,3,1080,860,1962,2003
328423.0,3,2.5,1730,3600,2.0,0,0,3,1730,0,2014,0
490000.0,2,1.0,880,6380,1.0,0,0,3,880,0,1938,1994
449950.0,3,2.0,1560,4080,2.0,0,0,3,1560,0,1923,1982
485000.0,3,1.75,2200,7706,2.0,0,2,3,2200,0,1908,1988
699850.0,4,3.5,2690,6164,2.0,0,0,3,2690,0,2002,0
776000.0,4,2.5,3040,6425,2.0,0,0,3,3040,0,2008,0
567000.0,3,2.5,2540,6093,2.0,0,0,3,2540,0,1999,0
899950.0,4,3.5,3290,5414,2.0,0,1,3,2360,930,2006,0
758000.0,4,2.75,2410,9549,1.0,0,0,4,1780,630,1956,0
587206.0,3,3.5,1890,1710,2.0,0,0,3,1640,250,1999,0
509000.0,2,1.5,1930,3521,2.0,0,0,3,1930,0,1989,0
249950.0,2,1.0,940,8532,1.0,0,0,4,940,0,1959,0
536000.0,2,1.5,1130,746,2.0,0,0,3,1030,100,2009,0
374000.0,3,1.0,1200,9800,1.0,0,0,4,1200,0,1971,0
690000.0,3,1.5,1760,4000,2.0,0,0,3,1760,0,1922,2008
782900.0,4,3.25,3060,3898,2.0,0,0,3,2300,760,2014,0
275000.0,3,1.75,1860,15681,1.0,0,0,4,1860,0,1971,0
440000.0,4,1.5,1770,5750,2.0,0,0,3,1770,0,1947,2012
445000.0,3,1.75,1890,32340,1.5,0,3,3,1890,0,1976,0
479000.0,2,2.25,1230,932,2.0,0,0,3,1020,210,2004,2003
264950.0,4,2.25,1720,9753,1.0,0,0,4,1120,600,1978,2000
299950.0,3,1.0,1210,9525,1.0,0,0,3,1210,0,1955,2005
0.0,1,1.0,720,6000,1.0,0,0,3,720,0,1940,1996
545000.0,3,2.5,2180,15693,1.0,0,0,4,1850,330,1979,0
345000.0,4,2.75,2250,7412,1.0,0,0,4,1480,770,1975,0
295000.0,3,1.75,1940,7500,1.5,0,0,4,1940,0,1918,1985
675000.0,3,3.0,2980,28000,1.0,0,0,3,1820,1160,1981,2013
568000.0,4,1.75,2110,265716,1.0,0,0,4,2110,0,1979,0
799000.0,4,3.5,3500,8547,2.0,0,0,3,2500,1000,1994,0
1360000.0,4,3.0,5430,108900,2.0,0,0,4,5430,0,1987,0
501000.0,3,1.75,1970,7972,1.0,0,3,5,1370,600,1976,0
255000.0,3,2.5,1610,6176,2.0,0,0,3,1610,0,1994,0
240000.0,4,1.0,1200,2171,1.5,0,0,3,1200,0,1933,0
1070000.0,4,3.75,4130,12320,2.0,0,0,3,4130,0,2001,0
364000.0,3,2.5,1800,2790,2.0,0,0,3,1800,0,2011,0
496700.0,3,2.5,1740,5782,2.0,0,0,4,1740,0,1989,0
555000.0,3,1.75,2040,6000,1.0,0,0,5,1120,920,1958,0
145000.0,3,1.0,1010,5490,1.0,0,0,3,1010,0,1954,2005
610000.0,4,2.75,2600,36583,1.0,0,0,5,1580,1020,1976,0
950000.0,4,2.5,3770,35081,2.0,0,0,3,3770,0,1989,0
402000.0,4,2.75,2950,15540,1.0,0,0,4,2120,830,1974,0
536000.0,4,2.25,1990,5948,2.0,0,0,3,1990,0,1991,0
300000.0,3,1.0,910,7700,1.0,0,0,4,910,0,1971,0
592350.0,2,2.0,1570,4665,1.0,0,0,3,1570,0,2006,0
870000.0,4,2.5,3520,6773,2.5,0,0,3,2650,870,2006,0
404950.0,4,2.25,2340,217014,1.0,0,0,4,2340,0,1982,2011
960000.0,4,2.25,2410,4560,2.0,0,2,5,1800,610,1929,0
657100.0,4,1.0,1390,4240,1.0,0,0,3,1050,340,1924,2011
588000.0,4,2.0,1680,5000,1.0,0,0,3,980,700,1950,2005
304900.0,4,1.75,2600,11325,1.0,0,0,4,1610,990,1969,0
254500.0,4,2.75,2570,7264,2.0,0,0,3,1720,850,1998,2006
380000.0,4,2.5,1984,32400,1.0,0,0,3,1564,420,1962,2003
510000.0,4,2.5,2430,5203,2.0,0,0,3,2430,0,2003,0
379880.0,3,2.5,1650,14054,1.0,0,0,4,1130,520,1986,0
497333.3333,3,1.75,1760,12874,1.0,0,0,4,1230,530,1967,0
349900.0,3,2.5,2200,7278,2.0,0,0,3,2200,0,1990,2009
837219.0,5,2.75,3030,7679,2.0,0,0,3,3030,0,2014,0
995000.0,3,4.5,4380,47044,2.0,1,3,3,3720,660,1968,1990
710000.0,3,2.5,2440,4153,2.0,0,0,3,2440,0,2003,0
800000.0,3,2.25,1620,4500,2.0,0,0,4,1620,0,1926,1993
630000.0,4,2.0,1770,6000,2.0,0,0,5,1770,0,1911,1981
186000.0,3,2.0,1340,4320,1.0,0,0,3,920,420,1912,1993
418000.0,3,2.0,1410,6030,1.5,0,0,4,1410,0,1930,0
355000.0,4,2.5,1890,7867,2.0,0,0,3,1890,0,1996,0
213400.0,3,1.5,1150,8686,1.0,0,0,4,1150,0,1963,0
433000.0,4,1.75,1830,9600,1.0,0,0,4,1010,820,1966,0
580000.0,3,2.5,1620,1173,3.0,0,4,3,1470,150,2008,0
466800.0,3,2.5,1480,14250,2.0,0,0,3,1480,0,1996,0
760005.0,4,2.75,3090,5859,2.0,0,0,3,3090,0,2010,0
866000.0,4,3.25,3990,9786,2.0,0,0,3,3990,0,2004,2003
611000.0,6,2.5,3820,53173,1.0,0,0,4,2040,1780,1974,0
540000.0,4,2.25,2540,228254,1.0,0,0,3,1450,1090,1990,2009
693000.0,3,2.5,2460,12028,2.0,0,0,3,2460,0,1996,0
259000.0,3,2.5,1550,3569,2.0,0,0,3,1550,0,2011,0
442500.0,3,1.75,1600,10280,1.0,0,0,3,1050,550,1977,2004
940000.0,4,2.0,2490,9525,2.0,0,0,5,2490,0,1968,0
226550.0,3,1.0,990,4440,1.0,0,0,3,990,0,1943,2002
1625000.0,4,3.25,2980,3600,2.0,0,0,3,2150,830,1999,0
550000.0,3,2.0,1970,4166,2.0,0,3,5,1270,700,1929,0
440000.0,3,1.75,2030,17100,1.0,0,0,4,2030,0,1953,1983
232000.0,3,1.5,1460,15000,1.0,0,0,3,1460,0,1966,1963
268000.0,3,1.75,1970,10270,1.0,0,0,4,1970,0,1966,0
310000.0,5,3.0,1880,5000,1.0,0,0,3,1100,780,1997,0
206000.0,2,1.5,1820,8867,2.0,0,0,3,1820,0,1921,2000
442500.0,3,1.75,1800,10200,1.0,0,0,3,1800,0,1967,2011
568000.0,4,2.0,2340,50233,1.0,0,0,4,1170,1170,1966,0
259000.0,3,1.0,1320,8625,1.0,0,0,4,1320,0,1957,2001
625000.0,4,2.5,3550,8048,2.0,0,0,3,3550,0,2007,0
413500.0,2,1.0,770,4000,1.0,0,0,5,770,0,1924,1956
326500.0,3,1.0,1810,12375,2.0,0,0,3,1810,0,1970,2014
415000.0,3,1.75,1270,4800,1.0,0,0,3,1270,0,1952,2014
851000.0,5,3.25,3760,9792,2.0,0,0,3,2550,1210,1984,0
1728000.0,4,3.0,3700,20570,1.0,0,0,4,1850,1850,1976,1992
229000.0,3,2.5,1190,3000,2.0,0,0,3,1190,0,2002,0
0.0,5,2.5,2090,4698,2.0,0,0,3,2090,0,1998,2006
352000.0,4,1.0,1530,8890,1.0,0,0,3,980,550,1925,2002
435000.0,2,1.0,800,5000,1.0,0,0,3,800,0,1906,2014
698000.0,4,2.25,2200,11250,1.5,0,0,5,1300,900,1920,0
453246.0,3,2.5,2010,2287,2.0,0,0,3,1390,620,2014,0
1346400.0,5,1.75,3380,20021,1.0,0,0,4,1690,1690,1963,0
412500.0,3,1.5,1490,8475,1.0,0,0,4,1490,0,1963,0
430000.0,4,1.5,1920,10000,1.0,0,0,4,1070,850,1954,1979
155000.0,2,1.0,700,5200,1.0,0,0,5,700,0,1952,1998
409500.0,4,2.75,2140,13000,1.0,0,0,3,1320,820,1968,1997
440000.0,4,2.5,2410,4780,2.0,0,0,3,2410,0,2000,0
639000.0,4,2.0,1840,5419,1.0,0,0,4,920,920,1942,1982
300000.0,2,1.0,1340,7788,1.0,0,2,3,1340,0,1947,2012
532000.0,4,1.75,2020,7029,1.0,0,0,4,1430,590,1979,0
505000.0,4,2.5,2790,5602,2.0,0,0,3,2790,0,2009,0
435000.0,3,2.0,980,5000,1.0,0,0,3,980,0,1940,1996
788600.0,4,2.75,3500,7200,2.0,0,0,3,3500,0,2005,0
506000.0,2,1.0,1570,8210,1.0,0,0,4,1150,420,1952,0
374000.0,3,1.75,2000,9416,1.0,0,0,4,2000,0,1961,2001
325900.0,4,2.5,2320,6270,2.0,0,0,3,2320,0,2004,2003
289950.0,3,2.5,1760,8584,1.5,0,0,5,1760,0,1937,0
407500.0,3,2.5,1930,10460,2.0,0,0,3,1930,0,1996,0
680000.0,6,2.0,1670,3000,1.0,0,0,5,900,770,1911,1984
501000.0,4,1.0,2070,7519,1.0,0,0,3,1160,910,1963,2008
706000.0,3,2.75,1900,6400,1.0,0,0,5,1410,490,1942,0
330000.0,3,1.0,1250,9126,1.0,0,0,3,1250,0,1969,2010
7062500.0,5,4.5,10040,37325,2.0,1,2,3,7680,2360,1940,2001
589900.0,4,4.5,3870,35889,2.0,0,0,3,2530,1340,2001,0
373500.0,2,1.0,800,3330,1.0,0,0,3,800,0,1918,0
1339000.0,4,2.5,4250,19387,2.0,0,2,4,3260,990,1972,0
295000.0,5,3.5,2100,5107,2.0,0,0,3,1410,690,1999,0
1309500.0,4,4.5,4750,13912,2.0,0,2,3,3600,1150,2005,0
337000.0,3,1.75,1310,12750,1.0,0,0,3,1310,0,1993,0
320000.0,3,1.5,1650,9380,1.0,0,0,5,1130,520,1978,0
1100000.0,4,3.75,2930,3200,1.5,0,0,5,2130,800,1925,0
430000.0,3,1.0,1150,3000,1.0,0,0,5,1150,0,1906,0
545000.0,3,1.75,1700,51649,1.5,0,0,5,1700,0,1931,0
267000.0,3,1.0,1740,10875,1.0,0,0,4,1020,720,1962,0
1580000.0,4,2.5,4570,74487,2.0,0,4,5,4570,0,1948,1985
699000.0,4,2.5,3280,27441,2.0,0,0,3,3280,0,1996,0
910000.0,3,2.0,2700,6120,1.0,0,0,4,1350,1350,1962,0
665000.0,6,3.0,4250,4400,2.5,0,0,4,3020,1230,1902,0
675000.0,6,1.75,2740,6360,1.0,0,3,3,1370,1370,1953,0
235000.0,2,1.0,1020,7920,1.0,0,0,3,1020,0,1939,1969
1815000.0,5,3.0,3880,13000,2.0,0,0,3,3880,0,1972,2003
365000.0,3,1.5,1300,12240,1.0,0,0,3,1300,0,1963,2008
575000.0,4,2.5,2120,9603,2.0,0,0,3,2120,0,1985,0
633100.0,4,2.5,2470,33305,2.0,0,0,3,2470,0,1993,0
1550000.0,5,3.25,3370,17458,1.0,0,2,5,2000,1370,1982,0
700000.0,2,1.75,2320,5500,1.5,0,2,3,1720,600,1925,2000
888550.0,3,2.5,3540,38322,2.0,0,0,3,3540,0,1989,0
300000.0,2,1.0,1010,11919,1.0,0,0,3,1010,0,1947,2012
723243.75,4,2.75,3270,12880,2.0,0,0,3,3270,0,2014,0
649000.0,2,1.75,2260,280962,2.0,0,2,3,1890,370,2005,0
720000.0,4,2.25,2410,8400,2.0,0,0,5,2410,0,1965,0
555000.0,4,2.5,3310,6500,2.0,0,0,3,3310,0,2012,1912
555000.0,4,2.75,2020,10720,1.0,0,0,4,1420,600,1976,1992
499000.0,3,2.0,2090,42689,1.5,0,0,3,2090,0,1959,1998
823000.0,6,1.75,2920,5000,2.5,0,0,4,2780,140,1908,0
930000.0,3,2.5,3100,20553,1.0,0,0,3,3100,0,1954,2005
736000.0,2,1.0,1500,4000,1.0,0,0,3,1100,400,1933,0
317000.0,3,1.0,1010,5400,1.0,0,0,3,1010,0,1959,1989
295000.0,2,1.0,650,5400,1.0,0,0,3,650,0,1950,2005
485000.0,3,2.0,1610,4160,1.0,0,0,4,1010,600,1917,0
199950.0,3,1.0,1010,7245,1.0,0,0,3,1010,0,1969,2010
340000.0,8,2.75,2790,6695,1.0,0,0,3,1470,1320,1977,2004
1500000.0,3,1.75,2430,12757,1.0,0,2,4,1340,1090,1952,0
485000.0,3,1.0,1500,4100,1.5,0,0,3,1370,130,1926,2003
602000.0,4,1.75,2420,37800,1.0,0,0,4,1880,540,1981,0
875000.0,3,3.5,3250,6000,2.0,0,0,3,2500,750,2001,0
132250.0,4,2.25,2192,12128,2.0,0,0,3,2192,0,2006,0
456000.0,4,1.75,1670,9886,1.0,0,0,5,1670,0,1947,0
861990.0,5,2.75,3595,5639,2.0,0,0,3,3595,0,2014,0
310000.0,4,1.5,1220,9600,1.0,0,0,3,1220,0,1980,0
589950.0,4,2.5,3190,8195,2.0,0,0,3,3190,0,2006,0
345000.0,2,1.0,1080,7775,1.0,0,0,3,1080,0,1955,2005
417000.0,3,1.5,1340,10224,1.0,0,0,4,1340,0,1956,0
428000.0,3,2.0,1310,2550,1.0,0,0,3,780,530,1986,0
129000.0,1,1.0,650,15364,1.0,0,0,4,650,0,1967,0
535000.0,3,1.75,2330,12141,1.0,0,0,3,1390,940,1983,2009
308500.0,2,1.0,850,6174,1.0,0,0,4,850,0,1950,1983
223000.0,3,2.0,1110,7231,1.0,0,0,4,1110,0,1991,0
536000.0,3,2.5,1900,6224,2.0,0,0,3,1900,0,2005,0
525000.0,3,2.5,2970,11985,1.0,0,0,3,1770,1200,1995,0
590000.0,3,2.0,1650,6150,2.0,0,0,4,1650,0,1926,1993
700000.0,4,3.0,3150,7778,2.0,0,0,3,3150,0,2000,0
575000.0,3,1.75,2680,8625,1.0,0,0,5,1590,1090,1974,0
245000.0,2,1.0,1200,4880,1.0,0,0,3,980,220,1943,2002
775000.0,2,2.5,2680,7392,1.0,0,0,3,2680,0,2004,2003
430000.0,3,1.5,1810,5080,1.0,0,0,3,1030,780,1958,2004
453500.0,5,2.5,2300,23345,1.0,0,0,5,1170,1130,1967,0
1020000.0,3,2.25,1670,4800,1.5,0,3,3,1670,0,1903,2005
464000.0,3,1.0,1320,3625,2.0,0,0,3,1320,0,1900,2005
368000.0,4,1.75,2100,11942,1.0,0,0,3,1030,1070,1964,2000
800000.0,3,1.75,2080,75794,1.0,0,0,3,2080,0,1958,2004
650000.0,4,2.25,2560,9731,2.0,0,0,4,2560,0,1973,0
487585.0,4,1.75,2010,9211,1.0,0,0,3,1470,540,1977,2004
425000.0,3,2.5,2540,5612,2.0,0,0,3,2540,0,1999,0
248000.0,4,3.5,1850,6519,2.0,0,0,3,1130,720,1986,0
571000.0,4,2.0,2750,7807,1.5,0,0,5,2250,500,1916,0
285000.0,3,2.25,1680,35127,2.0,0,0,3,1680,0,1987,2000
1165000.0,3,3.0,3790,5001,2.0,0,0,3,2810,980,1989,0
819000.0,3,3.5,2130,6150,2.0,0,2,5,1530,600,1908,0
580050.0,3,2.5,2360,4638,2.0,0,3,3,2360,0,1996,0
1033888.0,4,3.25,3270,5187,2.0,0,0,3,3110,160,2014,0
507500.0,3,2.0,2020,8118,1.0,0,0,3,1020,1000,1963,2008
395000.0,4,2.75,2640,35070,1.5,0,0,3,2640,0,1963,2008
732600.0,4,2.5,2130,7300,1.0,0,0,4,1230,900,1963,0
235000.0,3,1.75,1400,6300,1.0,0,0,3,1400,0,1998,2006
325000.0,4,2.5,1890,6156,1.0,0,0,3,980,910,1980,0
560000.0,3,3.0,4120,60392,2.0,0,2,3,3180,940,1994,0
688000.0,4,3.0,3000,4000,1.5,0,3,3,1970,1030,1913,2014
389250.0,2,1.5,1490,4080,1.0,0,0,3,930,560,1956,2001
415000.0,4,2.25,3060,48787,2.0,0,0,3,3060,0,1992,0
910000.0,5,2.5,2350,4000,2.0,0,0,3,2350,0,1993,0
1027000.0,3,2.5,2430,10500,2.0,0,1,3,2430,0,1989,0
525000.0,5,3.0,2750,3800,1.5,0,0,5,1750,1000,1926,0
590300.0,3,1.5,1470,7200,2.0,0,0,4,1470,0,1907,0
529950.0,3,1.0,1240,5000,1.5,0,0,5,1240,0,1909,1988
265000.0,2,1.0,1000,31505,1.0,0,0,3,1000,0,1960,2012
360000.0,3,1.0,1570,9467,1.0,0,0,3,1570,0,1954,2005
285000.0,3,1.0,1210,4731,1.5,0,0,3,1210,0,1901,0
180000.0,3,2.25,1990,6350,2.0,0,0,3,1990,0,1967,2011
423000.0,4,1.75,1880,7303,1.0,0,0,3,1010,870,1976,0
479000.0,3,1.0,1340,13750,1.0,0,0,4,1340,0,1955,2009
220000.0,3,1.5,1660,15600,2.0,0,0,3,1660,0,1981,2013
403950.0,2,1.0,710,1136,2.0,0,0,4,710,0,1943,0
491300.0,3,1.75,1750,11340,1.0,0,1,4,1300,450,1987,0
400000.0,2,1.0,1140,5100,1.0,0,0,3,1140,0,1942,1999
464000.0,5,2.5,3400,8970,1.0,0,0,4,1700,1700,1959,0
470000.0,3,2.0,1730,38884,1.0,0,0,3,1730,0,1997,0
200000.0,4,1.0,1350,11507,1.0,0,0,3,1350,0,1966,1963
245000.0,3,2.0,1410,5760,1.0,0,0,3,1410,0,1985,0
250000.0,1,1.0,800,16306,1.0,0,0,2,680,120,1931,0
680000.0,4,1.5,1880,6200,1.0,0,2,5,1440,440,1954,0
820000.0,4,2.5,3170,8523,2.0,0,0,3,3170,0,2008,0
0.0,4,3.75,3300,4545,1.5,0,4,3,2600,700,1926,1999
304000.0,3,1.0,1280,8184,1.5,0,0,4,1280,0,1947,1988
1901000.0,3,2.5,2660,13367,2.0,0,2,3,2660,0,1992,0
295000.0,3,1.5,850,2500,1.0,0,0,3,850,0,1986,0
460000.0,3,2.5,1450,1053,2.0,0,0,3,940,510,2008,0
280000.0,2,1.0,1010,3000,1.0,0,0,4,1010,0,1925,1968
985000.0,4,2.25,4230,37769,2.0,0,0,3,4230,0,1989,0
503000.0,3,2.75,1540,6760,1.0,0,0,5,1210,330,1980,0
1580000.0,3,3.25,3690,7200,2.0,0,0,3,3690,0,2007,0
619000.0,4,1.75,1660,3800,1.5,0,0,3,1660,0,1926,2003
420000.0,3,2.25,1770,8165,2.0,0,0,3,1770,0,1977,2004
246500.0,3,2.5,1620,7686,2.0,0,0,3,1620,0,1989,0
270000.0,3,1.0,1010,9514,1.0,0,0,3,1010,0,1969,2010
852500.0,3,2.5,2630,10100,1.0,0,0,4,1580,1050,1967,0
330000.0,4,2.5,1940,3784,2.0,0,0,3,1940,0,2003,0
470000.0,4,2.5,2310,14023,2.0,0,0,3,2310,0,1991,0
415000.0,4,3.0,1830,9548,2.0,0,0,3,1830,0,1991,0
335000.0,3,1.75,2430,9133,1.0,0,0,4,1410,1020,1978,2000
445000.0,4,1.75,1990,4725,1.5,0,0,4,1190,800,1944,0
715000.0,4,2.5,2650,30500,1.0,0,0,4,1680,970,1960,2001
270000.0,4,2.75,1990,7252,1.0,0,0,3,1270,720,1999,0
725000.0,6,3.0,3110,5000,1.5,0,0,5,1810,1300,1921,0
445000.0,2,1.0,1440,3225,1.0,0,0,3,960,480,1915,0
600000.0,4,2.5,1960,14242,1.0,0,1,4,1290,670,1958,1972
582000.0,4,1.75,2120,4650,1.0,0,1,3,1190,930,1951,1994
1405000.0,4,3.5,3410,10769,2.0,0,0,3,3410,0,2008,0
465000.0,4,2.5,1930,9653,1.0,0,0,4,1930,0,1968,0
438750.0,3,1.75,1610,6480,1.0,0,0,4,1610,0,1947,1988
216000.0,3,2.75,2210,4000,2.0,0,0,3,2210,0,2008,0
255000.0,4,2.5,2070,7800,2.0,0,0,3,2070,0,1989,0
267800.0,2,1.0,700,6000,1.0,0,0,4,700,0,1949,1985
630000.0,4,2.75,2710,37277,2.0,0,0,3,2710,0,2000,0
680000.0,3,2.25,2270,23900,1.0,0,0,3,1820,450,1975,0
860000.0,3,3.25,4720,32467,2.0,0,2,3,3190,1530,1998,2006
250000.0,3,1.0,990,8062,1.0,0,0,4,990,0,1960,2001
905000.0,5,3.5,3500,10155,2.0,0,0,3,2570,930,1996,0
633634.0,4,3.5,2960,6000,2.0,0,0,3,2960,0,2014,0
150000.0,2,1.0,820,10270,1.0,0,0,3,820,0,1954,2005
580000.0,2,1.0,2540,7000,1.0,0,0,5,1320,1220,1942,0
215500.0,2,1.75,1220,15600,1.0,0,0,3,1220,0,1972,2002
600000.0,4,2.5,2250,11370,2.0,0,0,3,2250,0,1991,0
1555000.0,3,3.5,4360,6240,2.0,0,3,3,2960,1400,2008,0
320000.0,3,3.25,1450,1387,2.0,0,0,3,1180,270,2013,1923
235000.0,3,1.0,1170,11100,1.0,0,0,4,1170,0,1968,0
260000.0,4,2.5,2000,37045,2.0,0,0,3,2000,0,1989,0
244615.0,3,2.5,2060,4030,2.0,0,0,3,2060,0,1999,0
535000.0,4,2.5,2610,4595,2.0,0,0,3,2610,0,2008,0
640000.0,3,2.5,1690,1553,2.5,0,0,3,1690,0,2007,0
500000.0,3,2.0,1720,5525,1.0,0,2,5,960,760,1941,0
220000.0,4,1.0,1200,6000,1.5,0,0,3,1200,0,1923,1998
295000.0,3,2.0,1380,8682,1.0,0,0,4,1380,0,1966,0
376000.0,4,2.75,2420,5773,2.0,0,0,3,2420,0,2005,0
490000.0,2,2.5,1230,1391,2.0,0,0,3,870,360,2004,2003
368000.0,3,1.0,1280,9898,1.0,0,0,3,1280,0,1968,1997
385000.0,3,1.75,2310,11200,1.0,0,0,4,1630,680,1978,2000
2400000.0,3,2.25,3000,11665,1.5,1,4,3,3000,0,2001,0
321950.0,2,1.25,860,1277,2.0,0,0,3,860,0,2007,0
399500.0,4,1.75,1360,4840,1.5,0,0,4,1360,0,1928,0
375000.0,6,2.25,3206,5793,2.0,0,0,3,3206,0,2012,1912
585000.0,4,1.75,2470,131790,2.0,0,2,3,2470,0,1937,1999
322000.0,4,2.5,2280,7200,2.0,0,0,3,2280,0,1994,0
299880.0,3,2.5,1460,3044,2.0,0,0,3,1460,0,2000,0
351250.0,4,1.75,1580,5340,1.0,0,0,3,1130,450,1947,2012
223000.0,3,1.75,1340,7473,1.0,0,0,4,1340,0,1973,0
350000.0,2,1.0,1620,9205,1.0,0,0,5,850,770,1921,0
232500.0,3,1.0,1320,8450,1.0,0,0,3,880,440,1961,2004
610000.0,3,2.0,2300,13418,1.0,0,0,3,1430,870,1955,2005
625000.0,3,2.5,2600,10092,1.0,0,0,3,2600,0,1984,0
625000.0,4,3.25,2730,54014,1.0,0,0,3,1560,1170,2007,0
1140000.0,4,2.25,3310,127631,2.0,0,0,5,3310,0,1924,1956
575550.0,4,2.5,2060,7475,1.0,0,0,3,1440,620,1985,0
266066.6667,4,1.0,1310,5200,1.5,0,0,3,1160,150,1945,2010
403000.0,2,1.0,1100,3598,1.0,0,0,4,1100,0,1926,1993
258000.0,3,1.75,1620,7540,1.0,0,0,3,1310,310,1988,2000
390000.0,5,3.75,2890,5000,1.0,0,0,3,1310,1580,2006,0
569000.0,5,3.0,3670,10583,1.0,0,0,5,2060,1610,1952,1998
239950.0,3,1.75,1230,9600,1.0,0,0,4,1230,0,1984,0
1250000.0,4,3.25,3820,24166,2.0,0,1,4,3310,510,1990,0
930000.0,2,2.5,2680,11214,1.0,0,0,3,2680,0,2006,0
379000.0,3,2.5,1530,2913,2.0,0,0,4,1530,0,1986,0
225000.0,3,1.75,1330,13102,1.0,0,0,3,1330,0,1968,1997
329333.3333,3,1.75,1160,22470,1.0,0,0,4,1160,0,1976,1992
545000.0,2,2.0,2930,14057,1.0,0,2,4,1680,1250,1980,0
275000.0,2,1.0,770,4840,1.0,0,0,4,770,0,1927,0
574000.0,3,2.5,2380,6832,2.0,0,0,3,2380,0,2002,0
619500.0,3,2.5,2170,5000,2.0,0,0,3,2170,0,2003,0
558000.0,4,2.25,2060,10358,1.0,0,0,4,1320,740,1962,0
640000.0,4,2.0,1520,6200,1.5,0,0,3,1520,0,1945,2010
665000.0,4,2.5,2790,43091,2.0,0,0,4,2790,0,1989,0
685000.0,3,2.75,3150,219978,2.0,0,0,4,3000,150,1990,0
658588.0,3,2.25,2560,41346,2.0,0,0,3,2560,0,1986,0
370000.0,4,2.5,2710,5880,2.0,0,0,3,2710,0,1998,2006
350000.0,3,1.0,1010,9360,1.0,0,0,3,1010,0,1981,2013
790000.0,4,1.75,2050,10920,1.0,0,3,3,1450,600,1974,0
1365000.0,3,2.5,2090,6000,1.5,0,0,4,2090,0,1928,0
352000.0,3,2.25,1640,11050,1.0,0,0,4,1640,0,1972,0
293000.0,3,2.25,1910,3481,2.0,0,0,3,1910,0,2009,0
598000.0,4,2.5,3130,40918,2.0,0,0,3,3130,0,1994,0
860000.0,3,2.5,2770,9136,2.0,0,0,3,2770,0,1991,0
400000.0,3,1.0,1430,10005,1.5,0,0,4,1430,0,1950,1983
477000.0,3,2.5,1350,2053,3.0,0,0,3,1350,0,2005,0
554000.0,5,2.25,1870,11411,1.0,0,0,4,1170,700,1961,2001
480000.0,2,1.0,1060,3040,1.0,0,0,3,860,200,1924,2011
250000.0,3,2.25,1400,3814,2.0,0,0,3,1400,0,2012,1912
808000.0,4,2.25,2500,8866,2.0,0,0,4,2500,0,1987,0
920000.0,4,2.75,2880,5750,1.5,0,0,5,1710,1170,1928,1970
819000.0,3,2.75,3176,13391,2.0,0,3,4,2726,450,1985,0
902000.0,4,2.25,2530,9200,1.0,0,0,5,1570,960,1976,0
689000.0,3,1.75,2200,9840,1.0,0,0,5,1500,700,1978,0
359900.0,5,2.25,2290,7420,1.0,0,0,3,1290,1000,1973,2013
415000.0,4,2.0,1800,2970,1.0,0,0,4,1000,800,1923,0
297500.0,4,2.5,1910,5000,2.0,0,0,3,1910,0,2005,0
1060000.0,4,2.5,4570,16015,2.0,0,2,3,4570,0,1990,2009
204700.0,4,2.0,1670,9987,1.0,0,0,3,1670,0,1967,2011
335000.0,3,2.25,1580,16215,1.0,0,0,4,1580,0,1978,2000
462000.0,3,1.5,1710,4500,1.5,0,0,3,1410,300,1928,1954
469000.0,5,2.5,2240,7543,1.0,0,0,3,1140,1100,1966,1963
369000.0,2,2.5,980,895,2.0,0,0,3,670,310,2009,0
396500.0,3,2.5,2590,18980,1.0,0,0,4,2590,0,1976,1992
410000.0,3,1.5,1250,7700,1.0,0,0,5,1250,0,1968,0
646000.0,5,2.75,2870,4461,1.0,0,0,3,1650,1220,1976,0
517000.0,2,1.5,1920,3408,1.0,0,0,4,960,960,1912,1989
232000.0,2,1.0,1200,8063,1.0,0,0,4,1200,0,1958,1972
435000.0,3,2.25,1230,1238,2.0,0,0,3,1080,150,2009,0
499950.0,3,3.5,1820,1501,2.0,0,0,3,1430,390,2014,0
770000.0,4,2.5,2350,8001,2.0,0,0,4,2350,0,1987,0
439000.0,3,2.0,2010,251341,2.0,0,0,3,1510,500,2003,0
543200.0,6,2.25,2820,15600,1.5,0,2,5,1970,850,1940,0
139000.0,3,1.0,1100,17334,1.0,0,0,3,1100,0,1978,0
626000.0,3,1.75,2430,5000,2.0,0,0,4,1760,670,1945,0
418000.0,4,1.5,1550,9176,1.0,0,0,3,1000,550,1956,2001
636000.0,2,1.75,1230,3600,1.5,0,0,5,1230,0,1925,0
320000.0,3,1.75,1480,7225,1.0,0,0,4,1480,0,1965,0
580000.0,4,2.25,2160,9593,1.0,0,0,3,2160,0,1969,2010
240000.0,2,1.0,670,10920,1.0,0,0,3,670,0,1942,1999
732000.0,3,2.5,2330,1987,2.0,0,4,3,1410,920,2004,2003
860000.0,4,2.75,3160,8097,2.0,0,0,3,3160,0,2014,0
849000.0,4,2.0,2160,6300,1.5,0,1,4,2160,0,1928,0
437000.0,3,1.75,2220,17568,1.0,0,0,4,2220,0,1967,0
368000.0,3,2.5,1370,1350,2.0,0,0,3,1010,360,2007,0
350000.0,3,2.0,1380,3600,3.0,0,0,3,1380,0,2013,1923
310000.0,2,1.0,870,5400,1.0,0,0,3,870,0,1950,2007
399900.0,2,1.75,1410,1005,1.5,0,0,3,900,510,2011,0
669500.0,4,2.25,2500,4046,1.5,0,0,4,1520,980,1940,2001
500000.0,3,2.25,1760,4539,2.0,0,0,3,1760,0,1988,2000
528000.0,2,0.75,840,40642,1.0,1,4,4,840,0,1937,0
255000.0,3,1.75,1550,9720,1.0,0,0,3,1050,500,1976,0
255950.0,3,2.5,1720,3676,2.0,0,0,3,1720,0,1992,0
410000.0,3,2.0,1650,9641,1.5,0,0,3,1650,0,1983,2009
420000.0,3,1.75,1444,249126,1.5,0,0,3,1444,0,2008,0
416000.0,3,1.5,1110,9762,1.0,0,0,4,1110,0,1963,0
127160.0,2,1.0,720,4222,1.0,0,0,4,720,0,1942,1982
2300000.0,4,3.25,4250,8570,2.0,0,0,3,4250,0,2004,2003
725000.0,4,3.25,3940,27591,2.0,0,3,3,3440,500,2000,0
212500.0,3,1.0,920,14400,1.0,0,0,4,920,0,1977,0
0.0,5,2.0,1910,7200,1.0,0,0,4,1110,800,1951,1999
502000.0,3,1.75,1300,8800,1.0,0,0,4,1300,0,1963,0
1425000.0,2,2.5,2220,4000,2.0,0,0,3,2220,0,2000,0
137000.0,3,1.0,950,7620,1.0,0,0,3,950,0,1954,2005
523000.0,3,1.5,1260,3135,1.5,0,0,3,1260,0,1931,0
700000.0,3,1.0,1410,7200,2.0,0,0,4,1410,0,1901,0
389000.0,2,1.0,910,7000,1.0,0,0,3,910,0,1952,2008
355000.0,3,2.25,1280,959,3.0,0,0,3,1280,0,2005,0
465000.0,3,1.5,2020,11358,1.0,0,0,4,1190,830,1956,0
299950.0,4,1.75,1560,31299,1.0,0,0,4,1560,0,1965,0
495000.0,3,2.0,2950,12196,2.0,0,0,4,2310,640,1918,1974
289000.0,3,2.0,1680,8424,1.0,0,0,3,1680,0,1993,0
967500.0,3,3.75,3250,5797,2.0,0,2,4,2370,880,1951,1999
333000.0,4,2.0,1580,7800,2.0,0,0,2,1580,0,1906,0
445000.0,2,2.0,1150,6634,1.0,0,0,3,860,290,1940,1996
741500.0,2,2.5,2150,5760,1.0,0,0,3,2150,0,2010,0
875000.0,5,3.5,3840,8279,2.0,0,0,3,3840,0,2001,0
187000.0,2,1.0,840,11600,1.0,0,0,3,840,0,1952,2008
257500.0,3,2.25,1715,6819,2.0,0,0,3,1715,0,1995,0
459000.0,4,3.0,2530,10000,2.0,0,0,3,2530,0,2013,1923
302000.0,4,1.75,2020,7865,1.0,0,0,4,1010,1010,1963,0
219900.0,3,1.0,970,7742,1.0,0,0,4,970,0,1967,0
600000.0,2,1.0,1040,3600,1.0,0,0,4,1040,0,1919,1980
425000.0,2,2.5,1140,1182,3.0,0,0,3,1140,0,2007,0
440000.0,3,1.5,2120,6290,1.0,0,0,4,1220,900,1949,1985
425000.0,3,2.25,1580,39189,1.0,0,0,3,1180,400,1992,0
575000.0,4,2.75,3120,7644,2.0,0,0,3,3120,0,2010,0
219900.0,3,1.0,910,6000,1.0,0,0,2,910,0,1956,0
529000.0,3,1.0,1210,3328,1.5,0,0,4,1210,0,1924,0
265000.0,2,1.0,1290,2828,2.0,0,0,3,1290,0,2008,0
820000.0,3,1.75,2160,6272,1.0,0,0,4,1390,770,1960,2001
522000.0,4,2.25,1800,8623,1.0,0,0,4,1360,440,1980,0
507000.0,3,1.75,2140,40098,1.0,0,0,5,1490,650,1950,0
760000.0,4,2.5,2730,36183,2.0,0,0,3,2730,0,1986,0
994000.0,3,2.25,2510,6339,1.5,0,2,5,1810,700,1932,2002
382500.0,3,1.75,1040,9000,1.0,0,0,4,1040,0,1967,0
259000.0,4,1.5,1490,7560,2.0,0,0,3,1490,0,1966,1963
343500.0,4,1.75,1760,6204,1.0,0,2,4,1180,580,1950,1983
820000.0,4,2.25,2280,6660,1.5,0,2,3,1960,320,1940,1984
430000.0,2,2.5,1520,1588,2.0,0,0,3,1240,280,2007,0
479500.0,3,2.75,2300,4637,2.0,0,0,3,2300,0,2008,0
885000.0,3,2.25,2060,9552,1.0,0,0,4,1610,450,1975,0
398000.0,2,1.0,590,10945,1.5,0,0,3,590,0,1983,2009
436500.0,2,1.0,1260,5000,1.0,0,0,3,1040,220,1951,1994
356000.0,4,2.0,2020,48693,1.5,0,0,3,2020,0,1949,1998
152000.0,3,1.0,1090,3264,1.0,0,0,4,1090,0,1969,0
295000.0,3,1.75,1770,8235,1.0,0,0,3,1030,740,1960,2012
490000.0,3,1.0,1910,8190,1.0,0,0,4,1010,900,1946,1989
550000.0,3,2.25,1980,40887,1.0,0,0,4,1980,0,1980,0
270000.0,2,1.5,840,867,2.0,0,0,3,840,0,2005,0
608000.0,4,2.5,2690,4736,2.0,0,0,3,2690,0,2001,0
330000.0,3,2.25,1860,11227,2.0,0,0,3,1860,0,1995,0
212500.0,2,2.0,1030,21712,1.0,0,0,4,1030,0,1938,0
512500.0,3,2.5,1900,7604,2.0,0,0,3,1900,0,1990,2009
749995.0,4,3.25,3430,9870,2.0,0,0,3,3430,0,2014,0
389950.0,4,2.5,3140,8060,2.0,0,0,3,3140,0,1991,0
304000.0,4,2.0,1310,8454,1.0,0,0,4,1310,0,1953,1983
385000.0,3,1.75,1300,7030,1.0,0,0,3,1300,0,1968,1997
812000.0,3,3.25,3240,8338,2.0,0,0,3,3240,0,2001,0
569000.0,4,2.0,1730,3884,1.0,0,0,5,1060,670,1924,1956
890000.0,4,4.25,4420,5750,2.0,0,0,3,3410,1010,2006,0
1050000.0,4,4.25,4390,13833,2.0,0,3,3,3320,1070,2003,0
568450.0,5,3.5,3260,58806,2.0,0,0,4,3260,0,1969,0
840000.0,4,1.75,2930,11562,1.0,0,3,3,1670,1260,1947,2012
174500.0,2,2.5,1240,2689,2.0,0,0,3,1240,0,1986,0
530100.0,3,1.0,1540,3399,1.5,0,0,3,1200,340,1926,2003
255000.0,2,1.0,960,28717,1.0,0,0,4,960,0,1984,0
535000.0,4,2.25,2290,5350,2.0,0,0,4,2120,170,1958,1972
292050.0,5,3.0,2840,7199,1.0,0,0,3,1710,1130,2003,0
287000.0,5,1.5,1730,9230,1.0,0,0,3,1010,720,1962,2003
675000.0,5,3.0,3410,9600,1.0,0,0,4,1870,1540,1968,0
439990.0,3,2.5,1930,1348,2.0,0,0,3,1300,630,2005,0
605000.0,4,2.5,2620,7553,2.0,0,0,3,2620,0,1996,0
657500.0,4,2.75,4140,24190,2.0,0,0,3,4140,0,2002,0
502000.0,3,2.25,1600,45613,2.0,0,0,4,1600,0,1983,0
268000.0,3,2.5,1650,6684,2.0,0,0,3,1650,0,1991,0
645000.0,3,1.75,2270,11472,1.0,0,0,4,1370,900,1956,0
970000.0,5,2.75,3500,5040,2.0,0,2,3,2950,550,1927,2007
737000.0,2,2.25,2290,9772,1.0,0,0,3,2290,0,2007,0
229950.0,4,1.75,1300,21000,1.0,0,0,4,1300,0,1969,0
2750000.0,4,3.25,4430,21000,2.0,0,0,3,4430,0,1952,2007
513000.0,3,2.5,1810,4592,2.0,0,0,3,1810,0,1992,0
396450.0,3,1.75,1540,12446,1.0,0,0,5,1540,0,1967,0
1160000.0,4,3.5,4680,9700,2.0,0,0,3,3360,1320,2005,0
1135000.0,6,4.25,6900,244716,2.0,0,0,4,4820,2080,2002,0
299000.0,3,1.75,1180,13927,1.0,0,0,5,1180,0,1962,0
815000.0,3,2.0,2270,11989,1.0,0,0,4,2270,0,1968,0
1120000.0,4,2.25,4470,60373,2.0,0,0,3,4470,0,1988,2000
515000.0,3,3.5,1360,1419,2.0,0,0,3,1040,320,2007,0
544000.0,4,2.5,2030,3974,2.0,0,0,3,2030,0,1994,0
749400.0,4,2.5,3240,20301,2.0,0,0,3,3240,0,1985,0
323000.0,4,2.75,1970,7213,1.0,0,0,3,1170,800,1977,2004
449500.0,3,2.25,1780,7280,1.0,0,2,3,1340,440,1972,2002
875000.0,3,2.75,2280,4280,1.0,0,0,5,1280,1000,1917,0
180000.0,3,1.0,1000,18513,1.0,0,0,3,1000,0,1940,1996
575000.0,3,2.25,2400,5000,1.5,0,0,4,1440,960,1926,1993
195000.0,2,1.0,1190,27007,1.0,0,0,4,1190,0,1910,0
465000.0,3,1.5,1270,5112,1.0,0,0,3,1270,0,1950,2005
740000.0,4,1.75,2010,3600,1.5,0,0,3,2010,0,1902,0
201500.0,3,1.0,1160,8320,1.0,0,0,4,1160,0,1959,0
500000.0,3,1.0,1150,5100,2.0,0,0,3,1150,0,1911,2005
315000.0,3,2.0,1060,5750,1.0,0,0,3,1060,0,1981,2013
0.0,4,2.0,2100,4857,2.0,0,0,3,2100,0,1965,1984
356000.0,3,2.5,1590,3411,2.0,0,0,3,1590,0,2000,0
646000.0,4,2.5,2310,4079,2.0,0,0,3,2310,0,2008,0
880000.0,6,2.5,2640,3680,2.0,0,0,5,1760,880,1922,1956
684680.0,4,2.25,2370,9360,2.0,0,0,4,2370,0,1979,0
1085000.0,4,3.25,3740,12080,1.0,0,0,3,2000,1740,1988,2000
300000.0,5,3.0,1940,6355,1.0,0,0,3,1200,740,2007,0
395000.0,3,1.75,1480,7700,1.0,0,0,3,1480,0,1975,0
625000.0,5,2.5,2700,21208,1.0,0,0,4,1950,750,1955,2009
711600.0,4,3.0,3580,9316,2.5,0,0,3,2370,1210,1991,0
285000.0,3,1.75,1840,8601,1.0,0,0,3,920,920,1905,2014
250000.0,3,2.0,1170,7258,1.0,0,0,3,1170,0,1984,0
1875000.0,4,3.25,3930,10929,2.0,0,0,3,3930,0,2006,0
365000.0,5,2.0,2280,19000,1.5,0,0,3,2280,0,1924,2011
913000.0,4,2.5,3640,10576,2.0,0,0,3,3640,0,1999,0
443000.0,5,1.75,1650,3000,1.5,0,0,3,1650,0,1902,0
329932.0,3,1.5,1460,5040,1.0,0,0,3,1100,360,1971,0
560000.0,4,1.75,1880,3880,1.5,0,0,4,1090,790,1944,0
337000.0,3,2.25,1460,941,3.0,0,0,3,1460,0,2006,0
530000.0,3,2.5,1790,3078,2.0,0,0,3,1790,0,2010,0
1000000.0,3,2.5,2730,5832,2.0,0,0,3,2730,0,1998,2006
297000.0,5,2.5,1970,8605,2.0,0,0,4,1970,0,1994,0
275500.0,2,1.0,720,11400,1.0,0,0,5,720,0,1951,0
602000.0,5,1.75,3290,11900,1.5,0,0,3,3290,0,1973,2013
266000.0,3,2.5,1940,8547,1.0,0,0,3,1460,480,1989,0
197500.0,3,1.0,1330,5412,2.0,0,0,5,1330,0,1905,0
235000.0,4,1.75,1450,8891,1.5,0,0,3,1180,270,1962,2003
325000.0,3,1.75,1780,13095,1.0,0,0,4,1780,0,1983,0
335000.0,3,1.0,1060,10050,1.0,0,0,4,1060,0,1967,0
485000.0,2,2.5,1430,923,3.0,0,0,3,1410,20,2008,0
740000.0,5,3.75,3990,18897,2.0,0,0,3,3090,900,1937,2010
1120000.0,5,1.5,2540,6660,2.0,0,3,4,2340,200,1954,1979
241000.0,3,2.0,1770,7000,1.0,0,0,3,1770,0,1986,0
395000.0,4,1.75,1540,5120,1.0,0,0,5,770,770,1943,0
495000.0,3,2.0,2660,192099,1.0,0,0,4,2660,0,1964,0
585000.0,4,2.5,2430,4747,2.0,0,0,3,2430,0,2008,0
738190.8571,3,2.5,2300,3060,1.5,0,0,3,1510,790,1930,2002
750000.0,4,2.75,2600,4674,1.0,0,0,3,1560,1040,1976,0
324900.0,4,2.5,1880,7965,2.0,0,0,3,1880,0,2000,0
695000.0,4,3.5,3510,9364,2.0,0,0,3,3510,0,2001,0
715000.0,4,2.5,3290,6628,2.0,0,0,3,3290,0,2003,0
420000.0,3,2.0,1200,5029,1.0,0,0,3,880,320,1937,1999
290000.0,4,3.0,2390,4500,2.0,0,0,3,2390,0,1974,0
905000.0,4,3.25,3440,7661,2.0,0,0,3,3440,0,2006,0
117833.3333,3,1.0,1340,306848,1.0,0,0,3,1340,0,1953,0
230000.0,3,1.75,1140,1201,2.0,0,0,3,1140,0,2014,0
594000.0,3,2.25,1270,1406,2.0,0,0,3,1060,210,2014,0
384400.0,3,3.25,1689,1388,3.0,0,0,3,1689,0,2008,0
216500.0,2,1.75,1390,4482,1.0,0,0,4,1390,0,1980,0
965000.0,4,2.5,2460,5000,2.0,0,0,5,1620,840,1938,0
395000.0,2,1.0,930,6380,1.0,0,0,4,930,0,1940,2001
660000.0,3,3.25,1980,2850,3.0,0,0,3,1980,0,1987,2000
1010000.0,4,2.5,3760,29224,2.0,0,0,3,3760,0,1987,2000
591000.0,4,2.25,2710,38180,2.0,0,0,4,2710,0,1977,0
1210000.0,4,2.75,3650,6982,2.0,0,2,4,2530,1120,1951,2003
235500.0,5,2.5,2340,13713,1.0,0,0,2,1670,670,1967,0
650000.0,4,2.75,1910,16532,1.0,0,0,4,1420,490,1940,2001
255000.0,2,1.0,1320,9967,1.0,0,0,3,940,380,1919,2001
523000.0,3,1.5,1240,7735,1.0,0,0,4,1240,0,1957,2001
221000.0,3,2.25,1640,7350,1.0,0,0,3,1140,500,1984,0
339000.0,3,1.0,1080,8100,1.0,0,0,4,1080,0,1955,2009
299800.0,2,1.0,790,5240,1.0,0,0,4,790,0,1925,1968
315000.0,3,1.0,960,6634,1.0,0,0,3,960,0,1952,2008
619500.0,3,2.5,1700,4105,2.0,0,0,3,1700,0,1992,0
449950.0,3,2.5,2170,4912,2.0,0,0,3,2170,0,2003,0
926300.0,3,1.5,1660,4800,2.0,0,0,3,1660,0,1907,1983
346150.0,3,2.0,2140,7200,1.0,0,0,4,1480,660,1966,0
398750.0,3,2.5,2230,4000,2.0,0,0,3,2230,0,1954,2005
695000.0,4,3.0,3150,9130,2.0,0,0,3,3150,0,2001,0
425000.0,3,2.5,1870,5449,2.0,0,0,3,1870,0,2003,0
265000.0,2,2.0,1860,10856,1.0,0,0,3,1260,600,1952,2008
375000.0,4,2.5,2790,7956,2.0,0,0,3,2790,0,2005,0
600000.0,3,1.75,1670,39639,1.0,0,0,4,1670,0,1976,1992
577437.5,4,2.5,2110,3750,2.0,0,0,3,2110,0,2000,0
500324.0,3,2.5,2280,2289,2.0,0,0,3,1880,400,2006,0
345000.0,3,2.25,2120,15003,2.0,0,0,3,2120,0,1984,0
1675000.0,3,2.5,3490,8343,2.0,1,4,4,2150,1340,1939,1991
289000.0,3,2.5,2090,4700,2.0,0,0,3,2090,0,2002,0
215000.0,3,1.0,970,7275,1.0,0,0,4,970,0,1970,0
550000.0,4,2.5,1940,10500,1.0,0,0,4,1140,800,1976,1992
275000.0,2,1.0,1180,6552,1.0,0,0,4,1180,0,1949,1985
400000.0,4,1.75,1700,20283,1.5,0,0,3,1340,360,1965,1993
380000.0,4,2.5,2150,37647,2.0,0,0,3,2150,0,1991,0
725000.0,5,2.5,3210,12000,1.0,0,0,4,1830,1380,1968,0
305000.0,2,1.0,2160,12960,1.0,0,0,3,1360,800,1968,1997
300000.0,4,2.5,2070,7476,2.0,0,0,3,2070,0,2003,0
494400.0,2,1.75,1560,1750,1.0,0,0,4,780,780,1904,0
850000.0,4,3.0,3330,4000,1.0,0,0,3,1790,1540,1958,2004
155000.0,2,1.0,910,6232,1.0,0,0,3,910,0,1943,2002
102500.0,2,1.0,820,4320,1.0,0,0,3,820,0,1937,1999
450000.0,3,1.75,1400,13775,1.0,0,0,3,1400,0,1963,2008
205000.0,3,1.0,1180,8240,1.0,0,0,4,1180,0,1967,0
534640.0,3,2.5,2130,3500,1.0,0,0,4,1210,920,1994,0
530000.0,4,3.25,4160,35654,2.0,0,0,3,2760,1400,1973,2013
239950.0,3,1.75,1670,6900,1.0,0,0,3,1170,500,1978,0
385000.0,3,1.0,1250,7300,1.0,0,0,4,1250,0,1956,0
380000.0,4,3.0,2800,9764,2.0,0,0,3,2800,0,2002,0
330000.0,3,2.5,3040,7232,2.0,0,0,3,3040,0,2003,0
475000.0,4,2.5,2040,7260,2.0,0,0,4,2040,0,1963,0
789500.0,4,2.5,3010,6100,2.0,0,0,3,3010,0,2005,0
585000.0,4,2.5,2630,6185,2.0,0,0,3,2630,0,1999,0
468000.0,3,1.5,1830,9848,1.0,0,0,5,1830,0,1962,0
332000.0,3,2.0,1510,7884,1.0,0,0,3,1510,0,1942,2014
1300000.0,4,3.25,2330,9687,2.0,0,3,3,2330,0,1918,0
235000.0,3,1.75,1900,8540,1.0,0,0,3,950,950,1980,0
340000.0,3,1.75,2190,12626,2.0,0,0,4,2190,0,1978,2000
1264000.0,4,3.75,3490,9170,2.0,0,0,3,3490,0,2012,1912
535000.0,3,2.0,2120,4080,2.0,0,0,3,2120,0,2003,0
585000.0,3,2.5,2270,100545,2.0,0,0,3,2270,0,1998,2006
350000.0,1,1.0,700,5100,1.0,0,0,3,700,0,1942,1999
645000.0,4,2.5,2850,37522,2.0,0,0,3,2850,0,1987,2000
488000.0,3,2.5,1590,2550,3.0,0,0,3,1590,0,1985,0
825000.0,4,1.5,1890,6938,1.5,0,0,3,1890,0,1919,2001
609000.0,4,2.5,2150,37981,2.0,0,0,3,2150,0,1985,0
625000.0,3,2.5,2440,4800,2.0,0,0,3,2440,0,2014,0
725995.0,4,2.5,3190,7869,2.0,0,2,3,3190,0,2001,0
319950.0,2,1.0,920,8341,1.0,0,0,3,920,0,1939,1969
258125.0,2,1.0,930,7740,1.0,0,0,3,930,0,1924,2011
2271150.0,4,3.25,4040,18916,1.0,0,0,4,4040,0,1954,1979
250275.0,2,1.0,790,11234,1.0,0,0,4,790,0,1942,1982
572000.0,3,2.25,1830,7897,1.0,0,0,4,1290,540,1986,0
591000.0,3,1.75,1680,2400,1.0,0,0,5,870,810,1922,1956
285000.0,3,1.75,2880,18296,1.0,0,0,3,1580,1300,1958,2004
739000.0,4,3.0,2720,3800,2.0,0,0,5,1800,920,1919,1934
329950.0,2,1.0,1140,5250,1.5,0,0,4,1140,0,1949,1985
594000.0,4,2.75,2720,4613,2.0,0,0,3,2720,0,2005,0
700000.0,4,2.5,2770,5686,2.0,0,0,3,2770,0,2004,2003
430277.7778,3,2.25,1620,1075,3.0,0,0,3,1540,80,2009,0
425000.0,3,2.25,1790,10209,1.0,0,0,3,1290,500,1967,2011
326000.0,6,3.0,1880,7200,1.0,0,0,4,1880,0,1966,0
599000.0,4,2.5,2790,230868,2.0,0,0,3,2790,0,1989,0
136500.0,3,1.5,1420,8580,1.0,0,0,3,1420,0,1962,2003
1050000.0,4,3.25,3440,35021,2.0,0,0,3,3440,0,1983,2009
450000.0,3,2.5,2910,17172,2.0,0,0,3,2910,0,1989,0
440825.0,3,1.75,2150,4333,1.0,0,0,3,1200,950,1956,2001
1400000.0,5,4.25,3530,7924,2.0,0,0,3,3530,0,2001,0
760000.0,4,2.25,3300,8365,3.0,0,0,3,3300,0,2014,0
380000.0,5,1.75,3000,6000,1.0,0,0,5,1500,1500,1958,0
670000.0,3,1.5,1490,4400,1.5,0,0,4,1490,0,1906,1990
287919.7826,2,1.0,1090,5000,1.0,0,0,4,730,360,1942,1982
635000.0,4,2.25,2750,6180,1.0,0,0,4,1500,1250,1948,0
1095000.0,4,4.0,3530,8400,2.0,0,0,5,2630,900,1958,0
210614.2857,3,2.5,1610,7223,2.0,0,0,3,1610,0,1994,0
385500.0,3,2.0,1540,7947,1.0,0,0,3,1120,420,1961,2004
520500.0,3,2.0,1900,8100,1.0,0,0,4,950,950,1940,2001
253000.0,3,1.75,2040,7281,1.0,0,0,3,1020,1020,1962,2003
648475.0,4,2.75,2250,5700,1.0,0,0,3,1200,1050,1951,1994
419000.0,3,1.5,1570,6700,1.0,0,0,4,1570,0,1956,0
450000.0,4,1.75,2160,4333,1.0,0,0,4,1260,900,1942,1982
174500.0,2,1.0,1010,5200,1.0,0,0,3,1010,0,1955,2005
649950.0,3,2.5,1500,1375,2.0,0,0,3,1200,300,2014,0
925000.0,4,2.25,2260,41984,1.0,0,0,4,2260,0,1967,0
580000.0,4,3.25,3569,8327,2.0,0,0,3,3569,0,2013,1923
320000.0,4,2.5,2000,10051,2.0,0,0,3,2000,0,1997,0
513000.0,4,2.75,2020,7070,1.0,0,0,5,1010,1010,1958,0
245000.0,5,1.75,2020,7902,1.0,0,0,3,1220,800,1962,2003
254000.0,5,2.0,2080,16117,1.0,0,0,5,1740,340,1959,0
305000.0,2,1.5,1140,2980,2.0,0,0,3,1140,0,1988,2000
240000.0,2,1.75,1330,7200,1.0,0,0,3,1330,0,1993,0
354950.0,4,2.75,2530,7350,1.0,0,0,5,1280,1250,1977,0
467000.0,3,2.25,1270,1213,2.0,0,0,3,1040,230,2005,0
284950.0,3,1.0,990,10723,1.0,0,0,5,990,0,1960,0
592105.7143,3,2.5,2650,40705,2.0,0,0,3,2650,0,1994,0
460000.0,3,1.0,1670,4005,1.5,0,0,4,1170,500,1939,1989
472000.0,6,2.5,4410,14034,1.0,0,2,4,2350,2060,1965,0
527000.0,6,3.5,3000,8401,1.0,0,0,3,1500,1500,1979,2014
479000.0,3,1.0,1370,3000,1.5,0,0,3,1370,0,1924,2011
279900.0,3,1.75,1580,8151,1.0,0,1,4,1100,480,1962,0
330000.0,3,2.25,2220,4060,1.0,0,0,3,1330,890,1993,0
755000.0,6,2.0,2150,4505,1.0,0,0,3,1270,880,1952,2008
2367000.0,3,2.25,3530,17450,1.0,1,3,3,1840,1690,1930,1993
1250000.0,4,2.5,3220,15600,1.0,0,0,5,1680,1540,1973,0
540500.0,5,3.75,3090,7415,2.0,0,0,3,3090,0,2014,0
725000.0,3,1.75,1860,6000,2.0,0,2,4,1860,0,1959,0
458000.0,3,2.5,1870,5013,2.0,0,0,3,1870,0,2003,0
490000.0,3,2.0,2220,10275,2.0,0,0,3,1640,580,1980,0
406100.0,3,2.25,1410,1332,3.0,0,0,3,1410,0,2005,0
410000.0,4,2.0,1580,9581,1.0,0,0,3,1580,0,1953,0
530000.0,2,1.5,1580,3680,1.0,0,2,3,1280,300,1941,1994
420000.0,2,1.5,1040,3500,1.5,0,0,4,1040,0,1904,0
1755000.0,3,2.0,2360,4800,2.0,0,0,3,2360,0,1909,2014
275000.0,3,1.0,1200,7800,1.0,0,0,4,1200,0,1954,1979
370000.0,3,1.0,800,2296,1.0,0,0,4,800,0,1908,0
825500.0,3,2.5,2780,11964,2.0,0,0,3,2780,0,2009,0
335950.0,2,1.5,800,5192,1.0,0,0,5,800,0,1951,0
615000.0,4,2.5,2150,9070,2.0,0,0,4,2150,0,1985,0
535000.0,3,2.5,2070,4132,2.0,0,0,3,2070,0,1999,0
604700.0,4,2.75,2750,14982,1.0,0,3,3,1720,1030,1981,2013
415000.0,3,2.5,2090,6045,2.0,0,0,3,2090,0,2000,0
789000.0,3,3.0,3740,39640,2.0,0,2,3,3740,0,1991,0
687500.0,4,1.75,2330,5000,1.5,0,0,4,1510,820,1929,0
160000.0,3,1.0,1210,103237,1.0,0,0,2,1210,0,1918,1960
228950.0,3,1.75,1200,9085,1.0,0,0,4,1200,0,1968,0
265000.0,3,1.0,1620,9450,1.5,0,0,3,1620,0,1928,1954
260000.0,2,1.0,770,7906,1.0,0,0,4,770,0,1948,0
360000.0,3,1.75,1020,7020,1.5,0,0,4,1020,0,1953,1983
100000.0,2,1.0,930,7623,1.0,0,0,2,930,0,1942,0
672500.0,4,2.25,2420,10200,2.0,0,0,4,2420,0,1973,0
650000.0,4,2.5,2210,4861,2.0,0,0,3,2210,0,2013,1923
651000.0,3,2.5,3240,108366,2.0,0,0,4,3240,0,1991,0
640000.0,3,1.75,1620,6000,1.0,0,0,5,1040,580,1947,0
1049000.0,4,3.75,4740,126759,2.0,0,0,4,4740,0,1991,0
560000.0,3,1.75,2000,10182,1.0,0,0,5,1400,600,1963,0
252980.0,4,2.5,2530,8169,2.0,0,0,3,2530,0,1993,0
350000.0,4,2.25,2300,4600,1.5,0,0,4,1340,960,1904,0
240000.0,3,1.0,1150,4825,1.0,0,0,4,1150,0,1957,2001
869000.0,4,3.0,3740,30884,2.0,0,0,3,3060,680,1988,2000
1315000.0,4,3.5,3460,3997,2.0,0,0,3,2560,900,2004,2003
1025000.0,3,1.75,2640,8000,1.0,0,3,4,1320,1320,1960,2001
568500.0,3,2.75,2180,7519,1.0,0,0,4,1310,870,1981,0
728050.0,3,2.5,2320,6775,1.0,0,0,3,2320,0,2008,0
440000.0,3,1.75,2000,9900,1.0,0,2,4,1480,520,1957,2001
416286.0,3,2.5,1408,989,3.0,0,0,3,1408,0,2005,0
359800.0,4,2.5,2390,6426,2.0,0,0,3,2390,0,1999,0
1381000.0,4,3.75,3160,9525,2.5,0,0,3,3160,0,1997,0
536751.0,3,1.75,1930,6360,1.0,0,0,3,1930,0,2013,1923
525000.0,3,1.75,1600,6120,1.5,0,0,3,1600,0,1924,2011
695000.0,4,2.5,2961,12146,2.0,0,0,3,2961,0,1998,2006
379500.0,3,2.25,1410,1287,2.0,0,0,3,1290,120,2005,0
260000.0,5,2.5,2025,7760,2.0,0,0,3,2025,0,2007,0
879000.0,4,2.5,3360,22111,2.0,0,0,3,3360,0,1994,0
625000.0,3,1.75,2060,12558,1.0,0,0,4,1350,710,1984,0
745641.0,4,2.5,2440,4850,2.0,0,0,3,2440,0,2013,1923
405000.0,4,1.75,2180,13529,1.0,0,0,3,1090,1090,1956,2001
410000.0,3,1.0,2710,19000,2.0,0,3,4,2710,0,1950,1983
279950.0,3,2.0,1750,9750,1.0,0,0,3,1350,400,1961,2004
599000.0,4,2.25,2260,29930,2.0,0,0,4,1400,860,1977,0
480000.0,4,1.0,2080,5500,1.0,0,0,3,1040,1040,1941,1994
476000.0,3,1.0,1140,5500,1.5,0,0,4,1140,0,1908,0
0.0,4,3.5,4210,10308,2.0,0,0,3,4210,0,2006,0
467000.0,3,1.0,1660,6582,1.0,0,0,5,1000,660,1946,0
624800.0,3,2.0,2250,14274,1.0,0,0,4,1500,750,1964,0
218000.0,3,1.5,1330,7600,1.0,0,0,4,1330,0,1968,0
562000.0,5,2.25,3040,8111,2.0,0,0,3,3040,0,1984,0
663000.0,3,2.0,1480,3876,1.0,0,0,5,860,620,1928,1970
802000.0,2,2.5,2210,6327,1.0,0,0,3,2210,0,2003,0
410000.0,4,2.0,1970,10500,1.0,0,0,3,1820,150,1961,2004
730000.0,4,2.0,2360,6000,1.0,0,0,5,1260,1100,1939,0
475580.0,3,1.75,1520,11085,1.0,0,0,3,1520,0,1983,2009
352500.0,3,2.25,1410,14110,1.0,0,2,3,1170,240,1987,2000
485000.0,4,2.25,1900,7200,1.0,0,0,3,1370,530,1977,2004
364900.0,3,3.0,2500,8304,2.0,0,0,3,2500,0,1997,0
498000.0,4,2.75,2270,7375,1.0,0,0,4,1290,980,1973,0
251555.5556,3,1.0,1750,7800,1.0,0,0,4,1150,600,1956,0
780000.0,3,2.25,2140,3000,2.0,0,0,3,2140,0,1905,2006
882566.0,4,2.5,3560,5265,3.0,0,0,3,3560,0,2014,0
1256500.0,4,2.5,3150,13700,2.0,0,0,4,3150,0,1966,0
450000.0,3,1.5,1530,23660,1.0,0,0,3,1530,0,1952,2008
480000.0,2,1.0,1500,3420,1.0,0,0,3,1500,0,1902,0
550000.0,3,2.0,1830,9152,1.0,0,0,5,1830,0,1959,0
135000.0,1,1.0,790,13062,1.0,0,0,3,790,0,1942,1999
392000.0,5,2.25,3740,32481,1.5,0,0,3,2240,1500,1958,2004
276000.0,4,2.25,2460,11250,1.0,0,0,4,2460,0,1959,0
994500.0,4,2.25,2870,6280,1.5,0,0,4,1980,890,1905,0
510000.0,3,1.75,1750,7020,2.0,0,0,3,1750,0,1934,1978
358000.0,3,1.5,2450,12497,1.0,0,0,4,2450,0,1967,0
268500.0,4,2.5,2100,4237,2.0,0,0,3,2100,0,2006,0
339950.0,3,1.0,1050,5402,1.5,0,0,4,1050,0,1906,1990
1695000.0,4,2.75,3770,10900,2.0,0,2,5,3070,700,1924,1956
0.0,4,3.0,1990,6180,2.0,0,0,3,1990,0,1990,2009
465750.0,3,1.5,1260,10350,1.0,0,0,3,1260,0,1959,1989
530000.0,4,1.75,1814,5000,1.0,0,0,4,944,870,1951,1999
440000.0,4,2.0,1450,8400,1.5,0,0,4,1450,0,1962,0
296475.0,3,2.5,1520,4170,2.0,0,0,3,1520,0,2004,2003
347000.0,4,1.5,2670,10026,2.0,0,0,3,2670,0,1996,0
429950.0,3,1.5,2010,9480,1.0,0,0,3,1570,440,1951,1994
750000.0,3,1.5,1840,5000,1.5,0,0,5,1340,500,1915,0
435000.0,2,1.0,1260,4080,1.5,0,0,5,1260,0,1926,0
565000.0,4,2.5,2440,22594,2.0,0,0,3,2440,0,1996,0
250000.0,1,1.0,750,4000,1.0,0,0,3,750,0,1918,0
171758.3333,3,1.0,1000,8512,1.0,0,0,3,1000,0,1991,0
486895.0,3,1.0,1890,3330,1.5,0,0,4,1390,500,1901,0
780000.0,4,2.5,3500,7048,2.0,0,0,3,3500,0,2005,0
667500.0,3,2.0,1880,3800,1.0,0,0,5,1030,850,1927,0
735000.0,4,2.25,2270,5102,1.0,0,0,5,1340,930,1954,0
260000.0,3,1.75,1050,5850,1.0,0,0,3,1050,0,1980,0
330000.0,3,2.5,1600,26977,2.0,0,0,3,1600,0,2005,0
210000.0,1,1.0,930,7129,1.0,0,0,3,930,0,1948,1994
329900.0,3,2.5,2242,4995,2.0,0,0,3,2242,0,2011,0
690500.0,5,2.0,2000,4211,1.5,0,2,4,1280,720,1908,0
687000.0,4,3.25,4400,186846,2.0,0,0,4,4400,0,1993,0
619420.0,4,2.75,2450,14803,2.0,0,0,4,2450,0,1988,0
317000.0,5,2.5,2360,11375,1.0,0,0,4,1180,1180,1962,0
395000.0,1,1.0,730,3000,1.0,0,0,3,730,0,1911,1979
689800.0,3,2.75,2390,9313,1.0,0,0,5,1390,1000,1942,0
660000.0,4,2.5,2510,4543,2.0,0,0,3,2510,0,2002,0
415000.0,3,1.75,1960,5000,1.0,0,0,5,980,980,1911,1984
287500.0,4,2.5,2570,9000,1.0,0,0,4,1590,980,1979,0
290000.0,5,1.5,2120,7700,1.5,0,0,5,2120,0,1962,0
168500.0,3,1.0,1100,10125,1.0,0,0,3,1100,0,1969,2010
725126.0,4,2.5,3200,12369,2.0,0,0,3,3200,0,1998,2006
210614.2857,3,2.5,2210,10119,1.0,0,0,4,1450,760,1966,0
285000.0,4,1.75,2080,13629,1.0,0,0,4,1040,1040,1955,2009
300000.0,3,2.0,2020,8555,1.0,0,0,4,1220,800,1957,2001
751000.0,4,2.5,3110,6142,2.0,0,0,3,3110,0,2004,2003
345600.0,5,3.5,2800,5120,2.5,0,0,3,2800,0,1903,2005
720000.0,4,3.0,3550,12327,1.5,0,0,4,2180,1370,1990,0
465000.0,2,2.0,1494,19271,2.0,1,4,3,1494,0,1943,1997
525000.0,5,2.5,2630,9216,2.0,0,0,3,2630,0,2003,0
192500.0,3,1.0,1080,8580,1.5,0,0,3,1080,0,1900,2005
1600000.0,6,5.0,6050,230652,2.0,0,3,3,6050,0,2001,0
724800.0,3,2.0,2050,3933,1.0,0,0,3,1180,870,1926,2001
263000.0,3,1.75,1410,8100,2.0,0,0,3,1410,0,1985,0
1335000.0,5,2.25,4200,5800,2.5,0,0,4,2910,1290,1906,1990
396500.0,3,1.75,2390,7149,1.0,0,0,3,1350,1040,1955,2005
762300.0,4,2.5,3880,14550,2.0,0,0,3,3880,0,1987,2000
806000.0,4,2.5,2500,206474,1.0,0,0,3,2500,0,1997,0
280000.0,3,2.5,1860,6607,2.0,0,0,3,1860,0,1989,0
665000.0,3,2.5,2610,35000,2.0,0,0,3,2610,0,1988,2000
426090.0,3,2.5,2340,5957,2.0,0,0,3,2340,0,1995,0
297857.1429,4,2.5,3490,5000,2.0,0,0,3,3490,0,2003,0
765000.0,4,2.75,2790,10819,2.0,0,0,3,2790,0,1996,0
299000.0,3,1.0,1390,9624,1.5,0,0,4,1390,0,1954,1979
400000.0,3,2.25,2140,11266,2.0,0,0,3,2140,0,1986,0
744000.0,3,2.5,2670,12187,2.0,0,0,3,2670,0,1986,0
435000.0,3,2.5,2300,9521,2.0,0,0,3,2300,0,2003,0
625000.0,4,2.75,2920,6605,2.0,0,0,3,2920,0,2012,1912
795000.0,4,2.5,2890,7798,2.0,0,0,3,2890,0,2005,0
539000.0,3,2.0,2260,9568,1.0,0,0,3,1780,480,1985,0
1015000.0,3,2.5,2920,34527,1.0,0,4,4,1800,1120,1954,1983
349000.0,3,1.75,1590,9620,1.0,0,0,3,1590,0,1988,2000
481000.0,4,2.5,2286,8269,2.0,0,0,3,2286,0,2002,0
495000.0,3,3.5,2380,6250,2.0,0,3,3,1670,710,1997,0
359950.0,3,1.0,1290,189486,1.0,0,0,4,1290,0,1960,2001
647500.0,4,1.75,2060,26036,1.0,0,0,4,1160,900,1947,1988
372500.0,4,1.75,1590,10523,2.0,0,0,4,1590,0,1922,0
1200000.0,4,3.5,4740,172497,2.0,0,0,3,4740,0,2003,0
1356925.0,4,3.5,4270,5800,2.0,0,3,5,3170,1100,1937,0
283000.0,3,1.0,890,8400,1.0,0,0,4,890,0,1954,1979
1800000.0,4,3.5,4460,16953,1.0,0,0,3,2550,1910,1962,1994
229000.0,2,1.0,1190,7408,1.0,0,0,3,830,360,1941,1994
279000.0,2,1.0,670,6300,1.0,0,0,5,670,0,1942,0
606000.0,4,2.5,2110,13850,2.0,0,0,3,2110,0,1987,2000
1970000.0,8,3.5,4440,6480,2.0,0,3,5,3140,1300,1959,0
540000.0,3,2.25,1320,1800,2.0,0,0,3,1320,0,1994,0
284000.0,3,2.5,1880,6008,2.0,0,0,3,1880,0,2009,0
580000.0,4,1.75,1720,6975,1.0,0,0,3,1420,300,1975,0
329900.0,3,2.5,2170,4905,2.0,0,0,3,2170,0,2004,2003
233500.0,3,2.25,1650,2958,2.0,0,0,3,1650,0,1985,0
370000.0,2,1.0,860,5040,1.0,0,0,3,860,0,1956,2001
250000.0,2,1.0,1110,26051,1.0,0,0,3,1110,0,1951,1994
499500.0,3,2.5,2520,53143,1.5,0,0,3,2520,0,1988,2000
385000.0,4,2.75,2700,37011,2.0,0,0,3,2700,0,1984,0
400000.0,4,2.5,3630,42884,1.5,0,0,3,2300,1330,1979,2014
475000.0,5,2.5,2510,8050,1.0,0,0,4,1490,1020,1977,0
344000.0,3,2.5,1232,1130,3.0,0,0,3,1232,0,2007,0
375000.0,4,2.0,1240,3000,1.0,0,0,3,1040,200,1908,1988
420000.0,3,1.75,1820,22320,1.0,0,0,3,1250,570,1977,2004
830000.0,4,2.5,1850,50662,1.0,0,0,3,1430,420,1978,0
798800.0,3,2.75,2670,3738,1.0,0,0,3,1720,950,2013,1923
429900.0,4,2.5,2640,8625,2.0,0,0,3,2640,0,1987,2000
455000.0,4,1.75,2050,94525,1.0,0,0,4,1250,800,1959,0
599999.0,9,4.5,3830,6988,2.5,0,0,3,2450,1380,1938,2003
1280000.0,4,3.5,3010,3600,2.0,0,0,3,2370,640,1999,0
465250.0,5,2.0,1940,7642,1.5,0,0,3,1940,0,1957,2000
530000.0,3,1.75,1690,8190,1.0,0,0,4,1690,0,1958,1972
300000.0,3,3.25,1470,1235,2.0,0,0,3,1180,290,2008,0
505000.0,3,2.5,1610,4611,2.0,0,0,3,1610,0,1996,0
405100.0,2,1.0,840,3522,1.0,0,0,3,840,0,1947,2012
445838.0,3,2.5,2250,5692,2.0,0,0,3,2250,0,2000,0
430000.0,2,1.0,1050,2570,1.0,0,0,5,850,200,1927,0
2466350.0,5,4.75,6390,13180,2.0,0,0,3,4560,1830,1940,1996
267500.0,3,1.75,1590,11914,1.0,0,2,3,1090,500,1957,2000
467100.0,3,1.75,1620,8645,1.0,0,0,3,1190,430,1973,2013
907500.0,4,2.5,2770,8642,2.0,0,0,4,2770,0,1987,0
595000.0,3,2.75,3290,22649,2.0,0,0,4,3290,0,1993,0
274500.0,3,2.25,1720,9000,1.0,0,0,4,1320,400,1969,0
860000.0,4,2.0,3740,32417,2.0,0,0,3,3740,0,2000,0
206000.0,3,1.0,1060,9600,1.0,0,0,4,1060,0,1962,0
452000.0,4,1.0,1210,3760,1.5,0,0,3,1210,0,1900,2005
764000.0,4,2.5,2790,7938,2.0,0,0,3,2790,0,1997,0
589500.0,4,2.5,2630,6326,2.0,0,0,3,2630,0,2008,0
566000.0,4,2.25,2170,7737,2.0,0,0,3,2170,0,1987,2000
299900.0,3,2.5,2720,6014,2.0,0,0,3,2720,0,2002,0
927000.0,4,2.75,3300,12090,2.0,0,0,3,3300,0,1953,0
390000.0,3,2.25,1600,10240,1.0,0,0,3,1090,510,1979,2014
165000.0,1,1.0,850,8050,1.0,0,0,2,850,0,1906,0
383000.0,3,1.75,1500,13430,1.0,0,0,3,1500,0,1977,2004
0.0,2,1.5,1520,8040,1.0,0,0,5,1520,0,1951,0
180000.0,4,1.5,1740,7292,1.0,0,0,3,1020,720,1962,2003
312500.0,2,1.5,1070,1200,2.0,0,0,3,1070,0,1999,0
299995.0,3,2.5,1970,7500,2.0,0,0,3,1970,0,1988,2000
465000.0,3,1.75,1410,6886,1.0,0,0,3,1410,0,1924,2013
250000.0,4,2.0,1850,7560,1.0,0,0,4,1540,310,1978,2000
800000.0,3,2.5,3240,7857,2.0,0,0,3,3240,0,1994,0
245000.0,1,0.75,380,15000,1.0,0,0,3,380,0,1963,2008
160000.0,3,1.5,1010,9600,1.0,0,0,4,1010,0,1962,0
402000.0,2,1.0,620,2475,1.0,0,0,5,620,0,1911,1984
282508.8889,3,1.0,1180,5002,1.5,0,0,3,1180,0,1946,0
875000.0,4,2.0,2520,6000,1.0,0,0,3,1400,1120,1921,2007
290000.0,3,1.0,1150,8145,1.0,0,0,4,990,160,1932,1958
600000.0,2,1.0,910,2002,1.5,0,0,3,910,0,1900,2005
475000.0,2,1.0,1490,3825,1.0,0,0,3,860,630,1929,0
